Site,Day1,Day2,Day3,Day4,Day5,Day6,Day7,Day8,Day9,Day10,Day11,Day12,Day13,Day14,Day15,Day16,Day17,Day18,Day19,Day20,Bottom Substrate,Cover Score,Total,devel,grass,crop,wetland,forest,MU,Discharge1,Discharge2,Discharge3,Discharge4,Discharge5,Discharge6,Discharge7,Discharge8,Discharge9,Discharge10,Discharge11,Discharge12,Discharge13,Discharge14,Discharge15,Discharge16,Discharge17,Discharge18,Discharge19,Discharge20,Bait1,Bait2,Bait3,Bait4,Bait5,Bait6,Bait7,Bait8,Bait9,Bait10,Bait11,Bait12,Bait13,Bait14,Bait15,Bait16,Bait17,Bait18,Bait19,Bait20
1,0,0,1,0,,,,,0,0,0,0,,,,,,,,,12,20,86,0.0424172,0.0494399,0.0116103,0.0092815,0.860074,FE,314.6314712,230.2874925,174.3740684,141.205088,199.9615676,161.1064762,166.7925872,173.4263832,285.2532315,235.9736034,166.7925872,134.5712919,37.71786914,146.8911989,113.7222185,68.61240518,83.20675655,104.245367,71.8345347,60.84138691,1,2,3,4,1,2,3,4,1,2,3,4,1,2,3,4,1,2,3,4
2,1,0,0,0,1,0,0,0,0,0,1,0,0,1,1,0,0,0,1,1,10,16,68,0.0287273,0.0345498,0.0080768,0.0061702,0.9039538,FE,323.9483516,237.1067754,179.5376406,145.386459,205.8828379,165.877168,171.7316563,178.5618926,293.7001621,242.9612637,171.7316563,138.5562227,38.83477227,151.2409473,117.0897656,70.6441586,85.67067852,107.3322852,73.96170196,62.64302462,1,2,3,4,1,2,3,4,1,2,3,4,1,2,3,4,1,2,3,4
3,,,,,,,,,0,0,0,0,0,0,0,0,,,,,12,16,63,0.2538389,0.01657,0.0000138,0,0.5025928,FE,471.6143073,309.0578865,221.7590679,174.5976372,253.8689782,210.7212863,204.7006781,219.7521985,363.2433601,303.0372783,221.7590679,173.5942025,3.60233056,49.26864359,103.3537737,55.79096912,73.55176325,107.3675125,85.09126226,67.4308116,1,2,3,4,1,2,3,4,1,2,3,4,1,2,3,4,1,2,3,4
4,0,0,0,1,1,0,0,0,0,0,0,0,,,,,0,0,0,0,12,16,77,0.3344427,0.018808,0,0.0816103,0.4801605,FE,228.55932,170.361345,143.90772,128.035545,177.76836,159.779895,172.477635,167.18691,781.969155,417.967275,293.106165,238.082625,70.260828,132.268125,106.872645,80.5248345,87.2969625,90.153954,74.493408,71.530602,1,2,3,4,1,2,3,4,1,2,3,4,1,2,3,4,1,2,3,4
5,,,,,,,,,0,0,0,0,0,0,0,0,,,,,15,18,71,0.136454,0.091254,0.00162,0.0000006,0.7527776,FE,371.2643084,276.729415,233.759009,207.9767653,288.7611287,259.5412526,280.1670475,271.5729663,1270.205203,678.9324158,476.1120992,386.7336545,114.1293985,214.8520303,173.6004405,130.801916,56.54905438,48.98626291,38.50148383,51.7363689,1,2,3,4,1,2,3,4,1,2,3,4,1,2,3,4,1,2,3,4
6,,,,,0,0,0,0,0,0,0,0,,,,,0,0,0,0,15,20,88,0.1513015,0.1006758,0.001838,0.0000007,0.7263274,FE,326.1611193,243.1108343,205.3607047,182.710627,253.6808705,228.0107825,246.1308446,238.5808187,1115.893829,596.4520468,418.2714354,339.7511659,100.2643441,188.7506477,152.5105234,114.9113943,49.67917048,43.03514768,33.82411607,45.45115597,1,2,3,4,1,2,3,4,1,2,3,4,1,2,3,4,1,2,3,4
7,0,0,0,0,0,0,0,0,0,0,0,0,,,,,,,,,15,16,76,0.1321075,0.0846567,0.0013737,0.0000005,0.764901,FE,394.7097796,294.2049746,248.5209724,221.110571,306.9964953,275.9313737,297.8596948,288.7228944,1350.419107,721.8072359,506.1787452,411.1560205,121.33671,228.4200114,184.5633692,139.0621029,60.12014699,52.07976259,40.93286604,55.00353874,1,2,3,4,1,2,3,4,1,2,3,4,1,2,3,4,1,2,3,4
8,0,0,0,0,,,,,0,0,0,0,0,0,0,0,,,,,15,16,68,0.1432296,0.0784666,0.0012622,0.0000005,0.7601907,FE,408.8184578,304.7211653,257.4042142,229.0140435,317.9699116,285.7943849,308.5065214,299.0431312,1398.689076,747.607828,524.2718186,425.8525602,125.6738222,236.5847557,191.1604826,144.0327993,62.2691077,53.9413243,42.39598822,56.96960917,1,2,3,4,1,2,3,4,1,2,3,4,1,2,3,4,1,2,3,4
9,,,,,0,0,0,0,0,0,0,0,,,,,,,,,8,16,69,0.5938087,0.0082071,0,0.0792059,0.3171118,SM,122.6585096,123.2453925,48.94602729,25.47071444,22.71236518,19.42582138,15.08288851,11.73765642,156.1108304,61.62269623,32.10249032,21.24515813,11.56159158,10.85733219,10.68126735,10.09438453,29.8723356,26.93792149,20.48221046,17.48910807,1,2,3,4,1,2,3,4,1,2,3,4,1,2,3,4,1,2,3,4
10,,,,,0,0,0,1,0,0,0,0,0,0,0,0,,,,,3,15,65,0.2507736,0.1021943,0.0557247,0.1950365,0.3931751,SM,404.9714467,419.4075771,293.2813854,139.0427294,107.8910796,91.93535657,74.5360205,64.73464777,540.9749908,324.4330352,152.7190634,123.0870063,45.89169865,45.66375975,47.25933206,47.79118949,133.724155,104.0920979,72.48457039,60.32782903,1,2,3,4,1,2,3,4,1,2,3,4,1,2,3,4,1,2,3,4
11,,,,,0,0,0,0,0,0,0,0,,,,,,,,,3,11,54,0.2316377,0.0353977,0,0.2173314,0.5130588,FE,198.4367601,119.273159,78.2136379,65.65301319,89.50764499,58.26441042,54.78121197,57.84220455,574.1999867,248.0459502,167.8268344,125.6062471,8.992985086,5.193132233,4.77092636,4.654819745,9.47852184,7.367492477,7.219720421,8.296345397,1,2,3,4,1,2,3,4,1,2,3,4,1,2,3,4,1,2,3,4
12,,,,,0,0,0,0,,,,,,,,,0,0,0,0,1,14,43,0.1826845,0.0088197,0.0030597,0.2411735,0.5613788,UN,4484.508341,4341.290509,3902.685901,3302.961233,796.6491862,632.8437918,753.6838369,576.4517707,3285.059004,3240.303432,3213.450088,2694.28545,260.4774306,261.372542,331.1912347,374.1565841,464.5628401,389.3734787,348.1983522,703.5575959,1,2,3,4,1,2,3,4,1,2,3,4,1,2,3,4,1,2,3,4
13,,,,0,0,0,0,0,0,0,0,0,,,,,,,,,3,15,65,0.3332365,0.1333226,0.1000179,0.0000332,0.4333899,SM,186.8935454,113.199749,91.16758311,37.68260102,33.12422186,21.27243606,16.56211093,13.18891036,14.40447813,29.62946451,26.28665313,52.26941432,6.275368638,5.834725319,5.56122257,5.45486039,17.16989482,15.95432704,11.91256419,8.782477173,4,5,6,7,1,2,3,4,1,2,3,4,1,2,3,4,1,2,3,4
14,,,,1,,,,,,,,,,,,,,,,,12,15,78,0.0566793,0.4779233,0.0114455,0.3950891,0.0561327,SM,1268.073282,768.0606461,618.5723325,255.6765641,224.7479475,144.3335442,112.3739737,89.48679743,97.73442853,201.036008,178.3550225,354.6481373,42.57839555,39.58862928,37.73291228,37.01124456,116.4977893,108.2501582,80.82678477,59.58913469,4,5,6,7,1,2,3,4,1,2,3,4,1,2,3,4,1,2,3,4
15,,,,,,,,,0,0,0,0,,,,,,,,,1,13,76,0.05048,0.064196,0.0552826,0.4056841,0.3830681,SM,522.2480048,540.8647255,378.2133769,179.3084144,159.7118664,116.5994607,100.9222223,89.26227625,107.7810141,247.8963325,281.2104641,312.564941,59.18157503,58.88762681,60.94526435,61.63114354,172.4496226,134.236354,93.47553407,77.79829566,1,2,3,4,1,2,3,4,1,2,3,4,1,2,3,4,1,2,3,4
16,,,,0,1,1,0,1,1,1,1,1,1,1,1,1,0,1,0,1,13,20,86,0.2998247,0.1081744,0.0910762,0.1612713,0.3339614,SM,726.4217169,752.3166749,526.0765154,249.4093324,222.1514819,162.1842107,140.3779303,124.1595092,149.918178,344.8118093,391.1501552,434.7627161,82.31870863,81.90984087,84.77191518,85.72593994,239.8690847,186.7162762,130.0199471,108.2136666,4,5,6,7,1,2,3,4,1,2,3,4,1,2,3,4,1,2,3,4
17,,,,,1,1,0,0,,,1,0,0,1,1,0,0,0,0,0,3,15,61,0.3551702,0.1912443,0.0327975,0.0054637,0.3988789,SM,962.8492792,583.1891975,469.6825752,194.1354644,170.6513357,109.5926009,85.32566783,67.94741255,74.20984688,152.6468369,135.4251425,269.2846764,32.32981726,30.05968481,28.65063709,28.10267408,88.456885,82.19445066,61.37185649,45.24608808,1,2,3,4,1,2,3,4,0,0,1,2,1,2,3,4,1,2,3,4
18,,,,,0,0,0,0,,,,,,,,,0,0,0,0,1,6,34,0.132613,0.0113407,0.0057201,0.1994084,0.6487702,UN,3035.56825,3253.811718,1716.187278,1210.259237,938.4469164,1716.187278,2053.472639,1954.271063,5614.809246,3491.895503,4067.264648,4057.34449,413.6705752,407.7184806,406.7264648,409.7025121,975.1514998,745.9958574,757.9000466,794.60463,1,2,3,4,1,2,3,4,1,2,3,4,1,2,3,4,1,2,3,4
19,,,,1,,,,,0,0,0,0,0,0,0,0,0,0,0,1,1,15,64,0.0754675,0.0347033,0.7471448,0.0477044,0.093678,SM,826.1884207,855.6397903,598.3278244,283.6631913,252.6617497,184.458578,159.6574246,141.2115668,170.5079292,392.1682372,444.8706881,494.4729947,93.62435386,93.15933224,96.41448361,97.49953407,272.8126868,212.3598755,147.8768768,123.0757235,4,5,6,7,1,2,3,4,1,2,3,4,1,2,3,4,1,2,3,4
20,,,,,,,,,,,,,,,,,0,0,0,,3,7,51,0.1323164,0.085702,0.040754,0.2027398,0.6502056,UN,4795.086997,4641.950486,4172.969922,3531.710782,851.8218418,676.6719575,805.8808885,616.3744563,3512.568718,3464.713559,3436.000463,2880.880611,278.5170292,279.4741324,354.1281814,400.0691347,496.7365572,416.339889,372.3131421,752.2831097,1,2,3,4,1,2,3,4,1,2,3,4,1,2,3,4,1,2,3,4
21,,,,,0,0,0,0,,,,,,,,,0,0,0,0,3,11,56,0.2197318,0.008406,0,0.7178275,0.0492332,UN,53.80770742,34.22725228,25.59335081,23.89740587,50.41581755,68.45450456,73.38816255,39.46926389,36.84825809,32.53130735,31.14371604,29.44777111,8.772660607,11.99495598,63.52084658,26.05588124,24.97664356,20.50551601,18.50121745,346.8978272,1,2,3,4,1,2,3,4,1,2,3,4,1,2,3,4,1,2,3,4
22,,,,,0,0,0,0,0,0,0,0,,,,,0,0,0,0,3,15,55,0.3593865,0.0559602,0.0191452,0.139877,0.4123547,UN,3739.884862,3620.447421,3254.670259,2754.525976,664.3707639,527.7641911,628.5395317,480.7356988,2739.596296,2702.272096,2679.877576,2246.916853,217.2268453,217.9733293,276.1990816,312.0303138,387.4251983,324.7205419,290.3822777,586.7364274,1,2,3,4,1,2,3,4,1,2,3,4,1,2,3,4,1,2,3,4
23,,,,,0,0,0,0,,,,,1,0,0,1,,,,,2,15,57,0.162961,0.1150067,0.0081729,0.1064745,0.6063359,UT,315.3223082,317.0360164,281.9049984,251.9151049,77.97372295,77.20255426,96.82451311,111.3910328,4524.189639,4121.468213,4652.717754,3384.573689,149.9494672,131.098677,116.5321574,109.6773246,243.3465639,529.5358328,334.1730984,1079.636164,1,2,3,4,1,2,3,4,1,2,3,4,1,2,3,4,1,2,3,4
24,0,0,0,0,,,,,,,,,,,,,,,,,2,15,59,0.0317852,0.040693,0.0194219,0.3297375,0.5735671,MT,48.8876598,49.15335361,43.70663064,39.05698908,12.08906805,11.96950584,15.01169989,17.27009721,701.4316407,638.9935969,721.3586759,524.7452615,23.24820779,20.32557595,18.06717862,17.00440341,37.06428556,30.82048118,29.22631836,29.22631836,1,2,3,4,1,2,3,4,1,2,3,4,1,2,3,4,1,2,3,4
25,,,,,,,,,,,,,,,,,0,1,1,0,2,5,39,0.0708057,0.0505959,0.2477063,0.1804813,0.4495085,MT,494.0255609,474.9927503,436.0996157,379.8286976,313.6276174,302.8699418,311.9725904,310.3175634,2954.223203,1721.228085,1704.677815,1257.820524,106.7492418,112.5418363,115.8518903,120.8169713,455.9599398,363.2784275,337.6255089,333.4879414,1,2,3,4,1,2,3,4,1,2,3,4,1,2,3,4,1,2,3,4
26,1,1,1,1,0,0,0,0,,,,,,,,,,,,,4,15,61,0.0706983,0.0505561,0.2477603,0.1805561,0.4495263,MT,490.7494898,471.842893,433.2076736,377.3099092,311.5478335,300.8614962,309.9037817,308.2597298,2934.632627,1709.813968,1693.373449,1249.479438,106.041347,111.7955287,115.0836324,120.0157881,452.9362963,360.8693903,335.386586,331.2764562,1,2,3,4,1,2,3,4,1,2,3,4,1,2,3,4,1,2,3,4
27,,,,,,,,,,,,,,,,,0,0,1,1,1,10,69,0.1209816,0.1601556,0.1530009,0.0569011,0.5071758,MT,46.77407947,44.97206301,41.28968154,35.9619807,29.69409735,28.67556631,29.53740027,29.38070318,279.7042943,162.964967,161.3979962,119.0897836,10.1069619,10.65540169,10.96879586,11.43888711,43.17004654,34.39500986,31.96620506,31.57446235,1,2,3,4,1,2,3,4,1,2,3,4,1,2,3,4,1,2,3,4
28,,,,,,,,,,,,,0,0,0,1,0,0,1,0,3,15,63,0.0555319,0.1389111,0.0694331,0.0323867,0.6991106,SS,145.618726,123.5755243,133.5951614,122.2395727,84.16495171,74.81329041,68.13353234,64.72685572,436.8561779,396.7776295,316.6205326,282.5537665,363.3788391,629.2332104,549.7440893,544.4002829,85.79806367,101.1869056,115.9433293,136.1807104,1,2,3,4,1,2,3,4,1,2,3,4,1,2,3,4,1,2,3,4
29,,0,0,0,0,0,0,1,,,,,,,,,0,0,0,0,3,15,63,0.0050997,0.0408363,0.0073788,0.2216092,0.710497,F,215.2843376,289.2883287,208.5567021,110.4677758,48.43897597,43.86418379,38.88573349,36.06012656,402.312606,291.9793829,244.8859341,181.6461599,108.8531432,310.8167625,353.87363,335.0362505,54.76295339,64.58530129,74.00399106,86.92105132,0,1,2,3,1,2,3,4,1,2,3,4,1,2,3,4,1,2,3,4
30,,,,,,,,,,,,,1,0,0,0,,0,0,0,3,15,54,0.1665057,0.1159925,0.0079762,0.1029754,0.6060811,UT,290.1080712,291.6847455,259.3629223,231.7711221,71.73868064,71.0291772,89.08209794,102.4838295,4162.420151,3791.901691,4280.670724,3113.931742,137.9590012,120.6155839,107.2138524,100.9071552,223.8877506,487.1923586,307.4514885,993.3048089,1,2,3,4,1,2,3,4,1,2,3,4,1,2,3,4,0,1,2,3
31,,,,,0,0,1,0,,,,,0,0,0,0,,,,,3,10,54,0.0180341,0.2570874,0.0172633,0.0008482,0.7058323,UT,808.6750124,455.2433073,340.3416419,317.0704185,24.14389425,22.3985525,24.87111998,32.72515787,2603.468115,4566.977588,1658.074666,1322.096378,58.61439388,51.05124628,45.66977588,43.19720839,491.6045938,452.3344044,327.2515787,1832.608841,1,2,3,4,1,2,3,4,1,2,3,4,1,2,3,4,1,2,3,4
32,1,0,1,0,1,0,0,0,,,,,0,0,0,0,0,0,0,1,10,19,88,0.0252588,0.3765394,0.0250919,0.0012527,0.5706386,UT,715.3278228,402.6935405,301.0552348,280.4702614,21.35690982,19.81303682,22.00019023,28.94761873,2302.94389,4039.801014,1466.679349,1169.483797,51.84840154,45.15828521,40.39801014,38.21085672,434.8575613,400.1204189,289.4761873,1621.066649,1,2,3,4,1,2,3,4,1,2,3,4,1,2,3,4,1,2,3,4
33,,,,,,,,,,,,,,0,0,0,,,,,15,15,92,0.044152,0.3824478,0.0095426,0.0002328,0.5615237,UT,146.6938947,82.58127526,61.73807799,57.51667095,4.379709806,4.063104278,4.511628776,5.936353653,472.2699128,828.451132,300.7752517,239.8286876,10.63266899,9.260711698,8.28451132,7.835986822,89.17722376,82.05359938,59.36353653,332.4358046,1,2,3,4,1,2,3,4,1,2,3,4,0,1,2,3,1,2,3,4
34,,,,,0,0,0,0,,,,,0,0,0,0,0,0,0,0,8,15,68,0.0136559,0.3677376,0.0328389,0.0018646,0.5831288,UT,554.2638351,312.0226266,233.2693119,217.3192735,16.54816486,15.35191198,17.04660356,22.42974153,1784.410548,3130.19504,1136.440237,906.1615577,40.17415927,34.99039678,31.3019504,29.60725882,336.9445616,310.0288718,224.2974153,1256.065526,1,2,3,4,1,2,3,4,1,2,3,4,1,2,3,4,1,2,3,4
35,,,,,,,,,,,,,,,,,0,0,0,0,9.5,14,65,0.0578962,0.3379443,0.0441539,0.021699,0.5549352,UT,462.7718044,260.5172208,194.7636731,181.4464989,13.81656826,12.81778019,14.23272996,18.72727626,1489.858867,2613.495442,948.8486637,756.5819608,33.54263259,29.21455096,26.13495442,24.72000466,281.3253056,258.852574,187.2727626,1048.72747,1,2,3,4,1,2,3,4,1,2,3,4,1,2,3,4,1,2,3,4
36,,,,,0,0,0,0,,,,,0,0,0,0,0,0,0,0,11,13,62,0.0343538,0.4408269,0.0369933,0.003958,0.4799014,UT,347.7236618,195.7509103,146.3441311,136.3376947,10.38167767,9.63119495,10.69437881,14.07155106,1119.470062,1963.763126,712.9585872,568.4906629,25.20371146,21.95161966,19.63763126,18.5744474,211.3859671,194.5001058,140.7155106,788.0068595,1,2,3,4,1,2,3,4,1,2,3,4,1,2,3,4,1,2,3,4
37,0,0,0,0,,,,,,,,,,,,,,,,,15,14,76.5,0,0,0,0,1,UT,269.1688423,151.5285029,113.2832897,105.5374238,8.036335938,7.45539599,8.278394249,10.89262401,866.5687547,1520.126195,551.8929499,440.0620101,19.5098999,16.99249346,15.20126195,14.3782637,163.6314185,150.5602697,108.9262401,609.9869447,1,2,3,4,1,2,3,4,1,2,3,4,1,2,3,4,1,2,3,4
38,0,0,0,0,,,,,,,,,,,,,0,0,1,0,12,16,74,0.0336315,0.0828205,0.0180721,0.0855811,0.7427576,UT,180.1566282,101.419109,75.82131474,70.63695134,5.378777029,4.989949774,5.540788385,7.290511033,580.0006555,1017.431317,369.3858923,294.5366457,13.05811532,11.37319721,10.17431317,9.623474563,109.5196769,100.7710636,72.90511033,408.2686178,1,2,3,4,1,2,3,4,1,2,3,4,1,2,3,4,1,2,3,4
39,,,,,0,0,0,0,,,,,,0,0,0,,,,,15,15,84,0.0308555,0.0820115,0.0200153,0.0961127,0.7402467,UT,159.9695433,90.05479687,67.3253114,62.72187131,4.776069099,4.430811092,4.919926602,6.473587635,515.0098607,903.4251188,327.9951068,261.5329404,11.59491474,10.09879671,9.034251188,8.545135678,97.24767202,89.47936686,64.73587635,362.5209075,1,2,3,4,1,2,3,4,1,2,3,4,0,1,2,3,1,2,3,4
40,0,0,0,0,,,,,,,,,,,,,0,0,0,0,15,15,83.5,0.0183491,0.0801068,0.0315412,0.1525184,0.6956021,UT,86.06554057,48.45056511,36.22182823,33.74512202,2.569582686,2.383829721,2.646979755,3.482868099,277.0815065,486.0535925,176.465317,140.7078712,6.23820375,5.433274234,4.860535925,4.59738589,52.32041855,48.14097683,34.82868099,195.0406135,1,2,3,4,1,2,3,4,1,2,3,4,1,2,3,4,1,2,3,4
41,0,0,0,0,,,,,,,,,,,,,,,,,12,20,88,0.0210552,0.0879895,0.038075,0.1836142,0.6444901,UT,71.21185408,40.08868764,29.97045657,27.92119459,2.126109313,1.972414663,2.19014875,2.881774671,229.2611849,402.1676651,146.0099166,116.4236967,5.161578632,4.495568486,4.021676651,3.803942565,43.2906595,39.83252989,28.81774671,161.3793816,1,2,3,4,1,2,3,4,1,2,3,4,1,2,3,4,1,2,3,4
42,,,,,,,,,,,,,,,,,0,0,0,0,3,15,63,0.023162,0.0186448,0.040565,0.7293202,0.2430762,SS,70.32532784,59.67975069,64.5186494,59.0345642,40.64674912,36.13044366,32.90451119,31.25928563,210.9759835,191.6203887,152.9091991,136.4569435,175.4907264,303.8828387,265.4942423,262.9134963,41.43544668,48.86735726,55.99384686,65.76731832,1,2,3,4,1,2,3,4,1,2,3,4,1,2,3,4,1,2,3,4
43,,,,,0,0,0,0,,,,,,,,,0,0,1,0,3,15,72,0.01976,0.0420678,0.0015477,0.1983214,0.7326385,F,325.2714829,437.0835551,315.106749,166.9049297,73.18608365,66.27406464,58.7521616,54.48297338,607.8510837,441.1494487,369.9963118,274.4478137,164.4653935,469.6107034,534.665,506.2037452,51.02696388,52.45002662,53.26320532,61.19169772,1,2,3,4,1,2,3,4,1,2,3,4,1,2,3,4,1,2,3,4
44,,,,,0,0,0,0,,,,,0,1,0,1,0,0,1,0,3,10,59,0.0392471,0.0359434,0.0021702,0.2509324,0.6660037,F,230.2790783,309.4375115,223.0828571,118.1619521,51.81279262,46.91936221,41.59415852,38.57174562,430.3340276,312.316,261.9424516,194.2979723,116.434859,332.4654193,378.521235,358.3718156,36.12503041,37.13250138,37.70819908,43.32125161,1,2,3,4,1,2,3,4,1,2,3,4,1,2,3,4,1,2,3,4
45,,,,,0,0,0,0,,,,,,,,,,,,,3,14,67.5,0.0274459,0.0825211,0.0492392,0.2141089,0.5659246,MT,25.26233772,21.43822238,23.17645663,21.20645781,12.51528658,12.3994043,12.51528658,12.51528658,75.78701317,68.83407618,54.9282022,49.01820577,12.50735547,14.26277378,14.59191472,12.36107061,31.40409873,28.62292393,27.92763023,29.08645307,1,2,3,4,1,2,3,4,1,2,3,4,1,2,3,4,1,2,3,4
46,1,0,1,0,,,,,,,,,,,,,1,1,1,1,13,18,84.5,0.1422695,0.028611,0.4780475,0.1121488,0.2389226,LT,188.9911091,178.438306,170.5237037,165.4871387,805.8504143,441.2990364,366.9497422,338.1693703,671.5420119,709.9158412,542.0303382,455.6892224,131.1905288,113.9223056,104.5686847,98.81261033,1016.906475,465.2826797,323.7791843,271.0151691,1,2,3,4,1,2,3,4,1,2,3,4,1,2,3,4,1,2,3,4
47,,,,,,,,,,,,,0,1,0,1,1,1,1,0,7,13,59,0.0984156,0.0572269,0.3625901,0.1718512,0.3059873,LT,2354.313465,2230.992284,2107.671102,1995.560937,18498.17723,19619.27888,19731.38904,17825.51624,22197.81267,20404.05003,17825.51624,14574.32145,2343.102449,2051.61602,1804.973657,1625.597393,385.6589676,525.7966739,621.0903141,628.9380257,1,2,3,4,1,2,3,4,1,2,3,4,1,2,3,4,1,2,3,4
48,,,,,1,0,0,1,,,,,1,1,1,1,,,,,13,13,77,0.1104913,0.1145691,0.2436546,0.1361385,0.3894925,LT,3455.037159,2591.277869,1977.710925,1709.647697,941.1997777,1703.690737,3061.877758,3562.26245,11794.78202,10841.66833,9471.567383,7744.048804,1751.346422,1179.478202,982.898502,935.2428171,144.754143,124.5004769,104.8425069,87.56732109,1,2,3,4,1,2,3,4,1,2,3,4,1,2,3,4,1,2,3,4
49,1,0,1,1,,,,1,,,,,,,,,0,0,0,0,13,10,76.5,0.2410909,0.2458181,0.2361618,0.1074739,0.1629327,MT,1722.778402,1419.396042,1311.045199,1278.539946,722.7001223,2340.378207,2892.967506,3185.514782,6880.278525,4063.156609,3163.844613,2578.750061,591.5956023,587.2615686,656.6061081,598.0966529,938.3182997,733.5352066,603.5141951,527.668605,1,2,3,4,1,2,3,4,1,2,3,4,1,2,3,4,1,2,3,4
50,1,1,0,1,,,,,,,,,,,,,,,,,8.5,13,62.5,0.4483148,0.0153232,0.2527918,0.1072161,0.1648418,MT,1649.502145,1359.02378,1255.281507,1224.158825,691.9609629,2240.833103,2769.918697,3050.022835,6587.634354,3890.335249,3029.27438,2469.066104,566.4328122,562.2831213,628.6781762,572.6573486,898.4080868,702.3351902,577.8444623,505.224871,1,2,3,4,1,2,3,4,1,2,3,4,1,2,3,4,1,2,3,4
51,1,1,1,1,,,,,,,,,1,1,1,1,0,0,0,0,15,20,81,0.0320288,0.0042916,0.061012,0.77798,0.1026527,MT,1364.926113,1124.561766,1038.717356,1012.964034,572.5822122,1854.239248,2292.045737,2523.825643,5451.120011,3219.165361,2506.656761,2043.096949,468.7104765,465.2767001,520.2171223,473.8611411,743.4125873,581.1666531,478.1533616,418.0622749,1,2,3,4,1,2,3,4,1,2,3,4,1,2,3,4,1,2,3,4
52,1,1,1,0,0,0,0,1,,,,,1,1,1,1,1,0,0,0,6,19,70,0.0136676,0.03606,0.0381102,0.4143722,0.4501964,MT,614.3677234,590.6986151,542.3313069,472.3530737,390.0257406,376.647549,387.9675573,385.909374,3673.85724,2140.510661,2119.928828,1564.219329,132.7528246,139.9564663,144.072833,150.2473829,567.0295068,451.7712405,419.8693989,414.7239406,1,2,3,4,1,2,3,4,1,2,3,4,1,2,3,4,1,2,3,4
53,1,0,1,0,,,,,,,,,0,0,0,0,0,0,0,0,11,15,66.5,0.0139248,0.0526843,0.0266924,0.3232697,0.5497714,MT,604.9477568,581.6415618,534.015859,465.1105869,384.0455608,370.8724941,382.0189352,379.9923095,3617.526787,2107.690677,2087.42442,1540.235495,130.7173545,137.8105443,141.8637956,147.9436725,558.3353668,444.8443304,413.4316328,408.3650686,1,2,3,4,1,2,3,4,1,2,3,4,1,2,3,4,1,2,3,4
54,0,0,0,1,0,0,0,1,,,,,,,,,1,1,0,1,8,19,63,0.067239,0.0574161,0.0289423,0.24964,0.5429368,MT,591.6094799,568.8171549,522.2415342,454.8555297,375.5778775,362.695259,373.5959362,371.6139949,3537.765231,2061.218958,2041.399545,1506.275393,127.8352142,134.7720088,138.7358914,144.6817153,546.0248298,435.0361167,404.3160264,399.3611732,1,2,3,4,1,2,3,4,1,2,3,4,1,2,3,4,1,2,3,4
55,,,,,0,0,0,0,,,,,,,,,,,,,4,20,79.5,0.0420295,0.0336034,0.4503854,0.161348,0.3075938,F,189.3187353,159.3101712,145.8504476,131.0668168,86.93657543,551.6280167,146.5124012,114.5179763,66.41601321,55.82475529,37.95200755,20.82947391,201.4545517,192.6285034,185.5676648,187.7741769,95.76262369,94.21806525,84.73006336,80.09638802,1,2,3,4,1,2,3,4,1,2,3,4,1,2,3,4,1,2,3,4
56,,,,,1,1,0,0,,,,,1,1,1,0,0,0,0,0,6,20,81.5,0.0584258,0.0669434,0.2553958,0.1300391,0.4826013,SS,354.6922012,301.0002625,325.4056892,297.7462056,175.7190721,174.0920437,175.7190721,175.7190721,1064.076604,966.4548968,771.2114833,688.2330326,175.6077166,200.2544137,204.8756693,173.5538252,642.6762361,530.4112733,465.3301355,416.5192821,1,2,3,4,1,2,3,4,1,2,3,4,1,2,3,4,1,2,3,4
57,,,,,0,1,1,1,,,,,1,1,1,1,0,0,0,0,5,13,66.5,0.0535094,0.035219,0.3563087,0.2661848,0.2873704,F,868.249281,754.3095913,751.4250422,820.6542208,452.8742097,1158.146466,2523.980468,2783.589888,4312.400914,3129.735781,2624.939687,1947.070647,493.2578972,562.4870758,575.4675467,487.488799,569.6984485,470.1815044,412.4905222,369.2222856,1,2,3,4,1,2,3,4,1,2,3,4,1,2,3,4,1,2,3,4
58,0,0,0,0,1,1,0,0,,,,,,,,,0,0,0,1,11,20,89,0.055787,0.076612,0.2275575,0.1192276,0.5153482,SS,315.0239691,267.3368545,289.0128157,264.4467263,156.0669205,154.6218564,156.0669205,156.0669205,945.0719072,858.3680625,684.9603731,611.2621051,155.9680187,177.858267,181.9626885,154.1438314,570.8003109,471.0908895,413.2883264,369.936404,1,2,3,4,1,2,3,4,1,2,3,4,1,2,3,4,1,2,3,4
59,1,1,1,1,,,,,,,,,1,1,1,1,1,1,1,1,13,13,80.5,0.0135861,0.036368,0.0099352,0.2357104,0.696473,F,1382.241025,1857.386377,1339.045993,709.262426,311.0042306,281.6316089,249.6672852,231.5253717,2583.062916,1874.66439,1572.299166,1166.265865,698.8956183,1995.61048,2272.058685,2151.112595,351.6075608,414.6723075,475.1453524,558.0798139,1,2,3,4,1,2,3,4,1,2,3,4,1,2,3,4,1,2,3,4
60,0,1,1,1,,,,,,,,,,,,,,,,,11,19,82,0.0158236,0.0377298,0.0120415,0.2123649,0.7173323,F,1079.651692,763.1655587,332.363364,240.2754255,133.3687384,115.3745435,105.3189641,99.07391996,521.8316511,658.3758356,532.4164716,391.6383588,487.9602254,1280.763282,1100.821333,300.6089024,72.40017228,73.24695792,70.91829741,140.7781128,1,2,3,4,1,2,3,4,1,2,3,4,1,2,3,4,1,2,3,4
61,0,0,0,0,,,,,,,,,0,0,0,0,0,0,1,1,6,15,64,0.0130678,0.0390587,0.0121101,0.2079987,0.7212598,F,585.2995292,413.7264319,180.1804433,130.2578364,72.30170654,62.54671439,57.09539525,53.70983915,282.8947724,356.9179482,288.6330031,212.3145351,264.5324343,694.325912,596.7759905,162.9657513,39.24949784,39.70855629,38.44614554,76.31846802,1,2,3,4,1,2,3,4,1,2,3,4,1,2,3,4,1,2,3,4
62,,,,,0,0,0,0,,,,,,,,,,,,,4,15,58,0.0084124,0.0495498,0.0203799,0.1579572,0.7585713,F,271.2460875,191.733754,83.50124653,60.36555084,33.50686963,28.9861015,26.4597899,24.89081744,131.1022756,165.4069278,133.761551,98.39318859,122.5925944,321.7723194,276.5646382,75.52342043,18.18944351,18.40218554,17.81714496,35.36836238,1,2,3,4,1,2,3,4,1,2,3,4,1,2,3,4,1,2,3,4
63,,,,,,,,,,,,,,,,,1,0,1,0,1,14,62,0.0364036,0.1263686,0.0578214,0.0235429,0.751584,SS,216.0091084,183.3104819,198.173494,181.328747,124.8493012,110.9771566,101.0684819,96.01505783,648.0273253,588.5752771,469.6711807,419.1369398,539.0319036,933.3971566,815.4839277,807.556988,127.2718403,150.0994677,171.9889734,202.0088669,1,2,3,4,1,2,3,4,1,2,3,4,1,2,3,4,1,2,3,4
64,0,1,0,0,,,,,,,,,,,,,1,0,1,0,3,19,68,0.0107816,0.0372027,0.0042121,0.2511039,0.6866743,F,673.3014418,904.7488125,652.2607718,345.4878023,151.4928244,137.1851688,121.6150729,112.7779915,1258.232069,913.1650805,765.8803901,568.0980915,340.4380415,972.0789566,1106.739245,1047.825369,171.2710543,201.9904325,231.4473706,271.8454571,1,2,3,4,1,2,3,4,1,2,3,4,1,2,3,4,1,2,3,4
65,0,0,0,0,0,0,0,0,,,,,,,,,,,,,11,15,74,0.045758,0.1549246,0.0668773,0.0246297,0.7042919,SS,155.6208917,132.0636007,142.7714602,130.6358861,89.94601995,79.95201773,72.81344472,69.17277249,466.862675,424.0312369,338.3683608,301.9616384,388.3383719,672.4535777,587.5045589,581.7937005,91.69130605,108.1371668,123.9071703,145.5346037,1,2,3,4,1,2,3,4,1,2,3,4,1,2,3,4,1,2,3,4
66,1,0,0,1,,,,,,,,,,,,,0,0,0,1,13,20,86.5,0.0440307,0.1192932,0.0880718,0.0311806,0.7119227,SS,239.026125,202.8432712,219.2900229,200.6503709,138.1527144,122.8024128,111.8379117,106.2460161,717.0783749,651.291368,519.7173543,463.7983984,596.4688623,1032.856008,902.3784442,893.6068433,140.833389,166.0934318,190.3153906,223.5340769,1,2,3,4,1,2,3,4,1,2,3,4,1,2,3,4,1,2,3,4
67,,,,,,,,,,,,,,,,,0,0,0,0,3,12,61,0.0232256,0.0137606,0.0275861,0.8490534,0.0795947,MT,28.42711858,24.1239309,26.0799253,23.86313165,14.08315966,13.95276004,14.08315966,14.08315966,85.28135573,77.45737814,61.80942296,55.15904201,44.59667227,50.85585434,52.02945098,44.07507376,35.33829878,32.20870775,31.42630999,32.73030625,1,2,3,4,1,2,3,4,1,2,3,4,1,2,3,4,1,2,3,4
68,0,0,0,0,,,,,,,,,0,0,0,0,,,,,5,13,59.5,0.0982383,0.0606984,0.133121,0.3544684,0.3509014,MN,6879.514638,7014.738513,6904.869115,6524.551966,4614.514733,4006.007295,3169.309569,3194.664046,6718.936286,6828.805685,7014.738513,7141.510896,750.492506,738.6604169,797.8208622,821.4850403,666.8227333,633.0167646,596.6753482,646.5391521,1,2,3,4,1,2,3,4,1,2,3,4,1,2,3,4,1,2,3,4
69,,,,,,,,,,,,,0,0,0,0,,,,,7,18,90,0.0154434,0.0055316,0.112911,0.0562043,0.8084726,MN,168.5292932,131.3957201,105.4281865,86.73156229,93.48312103,75.3058475,61.28337934,140.4843569,209.5579963,176.0598779,142.8214349,122.5667587,17.37227999,17.50211766,19.76129309,23.68239066,17.16453972,15.00923443,13.71085775,23.05916986,1,2,3,4,1,2,3,4,1,2,3,4,1,2,3,4,1,2,3,4
70,,,,,1,1,1,,,,,,0,0,1,1,,,,,14,15,83,0.0914936,0.0330876,0.1868518,0.1167126,0.571086,L,792.4813732,617.8668333,495.7587635,407.8409532,439.5890514,354.1134025,288.1750448,660.6046578,985.4121235,827.8927134,671.5943841,576.3500896,81.69029871,82.30083906,92.92424114,111.3625597,80.71343416,70.57846436,64.47306087,108.431966,1,2,3,4,1,2,3,4,1,2,3,4,1,2,3,4,1,2,3,4
71,,,,,0,0,0,0,,,,,1,0,0,0,,,,,5,8,50,0.1067077,0.055307,0.1456003,0.3129332,0.3760254,MN,4964.326385,5522.813104,5740.002383,5874.452889,6370.885528,5181.515665,3754.271829,3257.83919,8356.616082,8201.480882,8067.030376,7932.57987,1582.379035,1437.586182,1354.847409,1303.135676,4509.263133,4116.253961,3609.478976,3195.785111,1,2,3,4,1,2,3,4,1,2,3,4,1,2,3,4,1,2,3,4
72,,,,,0,0,0,0,,,,,0,0,0,0,,,,,4,13,61.5,0.1064845,0.0551123,0.1469007,0.3126322,0.3754584,MN,4989.591236,5550.92025,5769.214867,5904.34963,6403.308753,5207.885853,3773.378372,3274.419249,8399.145248,8243.220522,8108.085759,7972.950996,1590.432207,1444.902462,1361.742608,1309.7677,4532.21204,4137.202733,3627.848628,3212.049358,1,2,3,4,1,2,3,4,1,2,3,4,1,2,3,4,1,2,3,4
73,1,0,0,1,1,1,0,0,,,,,,,,,,,,,7,13,72,0.0435894,0.0245969,0.1064438,0.736915,0.0728769,C,802.77289,597.9967068,385.68275,772.6217955,739.9581099,452.2664169,335.4309259,314.0739006,316.5864918,267.5909633,237.4398689,188.4443404,853.0247141,790.209934,560.3078387,404.527184,40.32708884,41.45775488,41.45775488,41.0808662,1,2,3,4,1,2,3,4,1,2,3,4,1,2,3,4,1,2,3,4
74,0,0,0,0,0,0,0,1,,,,,,,,,0,0,0,0,4,10.5,59.5,0.2430742,0.0134957,0.4862282,0.230185,0.0270168,C,956.9344341,712.8337882,459.7478424,920.9932347,882.0569354,539.1179911,399.8458434,374.3874938,377.3825937,318.9781447,283.0369453,224.6324963,1016.836433,941.9589344,667.9072889,482.211092,48.0713542,49.41914918,49.41914918,48.96988419,1,2,3,4,1,2,3,4,1,2,3,4,1,2,3,4,1,2,3,4
75,0,0,0,0,,,,,,,,,0,0,0,,,,,,15,18,88,0.0041187,0,0.0014611,0.9445371,0.0525139,C,632.2225953,470.9514169,303.743876,608.4771457,582.7529087,356.1817439,264.1681267,247.3484332,249.3272207,210.7408651,186.9954155,148.4090599,671.7983447,622.328658,441.2696049,318.584782,31.75953883,32.64999319,32.64999319,32.35317507,1,2,3,4,1,2,3,4,1,2,3,4,1,2,3,4,1,2,3,4
76,0,0,0,0,0,1,1,0,,,,,1,1,0,,1,1,0,0,7,13,74.5,0.3914674,0.0145298,0.2259997,0.3042711,0.0550451,C,1048.362776,780.9400337,503.6735092,1008.987649,966.3312602,590.6269163,438.0482962,410.1575807,413.4388414,349.4542588,310.079131,246.0945484,1113.987989,1031.956473,731.721124,528.282964,52.66423337,54.14080066,54.14080066,53.64861156,1,2,3,4,1,2,3,4,1,2,3,4,1,2,3,4,1,2,3,4
77,,,,,,,,,,,,,,,,,0,0,0,0,13,13,87,0.0322021,0.04433,0.1557692,0.760496,0.0466974,C,166.6769451,142.285197,234.7705751,485.8023155,341.4844728,187.0034018,155.4973939,143.3015199,284.570394,300.8315594,229.6889609,193.1013388,642.3160322,233.7542522,120.9424175,93.29843633,21.74930869,20.63135357,19.8182953,23.17216066,1,2,3,4,1,2,3,4,1,2,3,4,1,2,3,4,1,2,3,4
78,0,0,0,0,,,,,,,,,,,,,,,,,4,20,73,0.1059827,0.0199336,0.4304432,0.2516118,0.1920287,C,43.6615507,37.27205547,61.49889153,127.2574465,89.45293313,48.98613005,40.73303205,37.53828444,74.54411095,78.80377443,60.16774669,50.58350386,168.2567076,61.23266256,31.68124715,24.43981923,5.697299908,5.404448044,5.191464869,6.070020463,1,2,3,4,1,2,3,4,1,2,3,4,1,2,3,4,1,2,3,4
79,,,,,1,0,0,0,,,,,0,0,0,,0,0,0,0,7,18,78,0.1142385,0.0260134,0.5044686,0.161896,0.1923259,C,176.7818581,150.9113423,249.0037148,515.2544401,362.1872215,198.3406213,164.9245384,151.9892804,301.8226846,319.0696951,243.614024,204.8082502,681.2569166,247.9257766,128.2746409,98.95472301,168.1583528,136.8981462,111.0276304,96.1520838,1,2,3,4,1,2,3,4,1,2,3,4,1,2,3,4,1,2,3,4
80,1,1,1,1,,,,,,,,,1,1,,,0,1,1,0,8.5,15.5,78.5,0.0789157,0.0109065,0.2738493,0.5295404,0.103957,C,998.1547981,918.0109822,874.2961735,1012.726401,3788.616752,4502.625294,4364.195066,3788.616752,1041.869607,969.0115923,896.1535779,816.009762,518.749063,671.0223132,881.581975,1143.870827,1012.726401,998.1547981,954.4399894,896.1535779,1,2,3,4,1,2,3,4,1,2,3,4,1,2,3,4,1,2,3,4
81,0,0,0,0,0,0,0,,,,,,,,,,,,,,5,13,65,0.0980319,0.0623876,0.1089767,0.3634768,0.3651251,MN,5597.018668,5707.033777,5617.646501,5308.229007,3754.265593,3259.197603,2578.479116,2599.106949,5466.375727,5555.763003,5707.033777,5810.172942,610.5838547,600.9575327,649.0891429,668.3417869,542.5120061,515.0082288,485.4416683,526.0097397,1,2,3,4,1,2,3,4,1,2,3,4,1,2,3,4,1,2,3,4
82,0,0,0,0,1,1,1,1,1,1,1,1,,,,,1,1,1,1,13,20,87,0.2304357,0.0715562,0.3156482,0.2177944,0.1630453,L,1102.76832,1336.9846,1249.153495,1102.76832,169.8068033,130.7707565,107.3491285,100.5178203,540.6492471,481.1192759,472.3361654,428.4206128,64.79983756,70.75283469,63.92152651,54.5528753,64.50706721,56.40708752,51.52758168,86.66002373,1,2,3,4,1,2,3,4,1,2,3,4,1,2,3,4,1,2,3,4
83,0,0,0,0,0,1,0,0,0,0,0,0,,,,,,,,,7,13,61,0.1352318,0.1007128,0.2755821,0.2624856,0.224339,L,928.2198696,1125.363913,1051.434897,928.2198696,142.9294313,110.0720907,90.35768642,84.60765183,455.0741662,404.9667219,397.5738203,360.6093122,54.54318526,59.55392969,53.8038951,45.91813337,54.2967552,47.47885705,43.37168948,72.94329595,1,2,3,4,1,2,3,4,1,2,3,4,1,2,3,4,1,2,3,4
84,0,0,0,1,,,,,0,0,1,1,1,0,0,1,,,,,7,11.5,62.5,0.1293979,0.1039739,0.2708535,0.2624695,0.2316031,L,919.2511765,1114.490364,1041.275669,919.2511765,141.5484113,109.0085466,89.4846278,83.79015149,450.6771255,401.0538319,393.7323623,357.1250146,54.01617533,58.97850469,53.28402837,45.47446086,53.77212634,47.02010443,42.95262134,72.23849953,1,2,3,4,1,2,3,4,1,2,3,4,1,2,3,4,1,2,3,4
85,,1,1,1,,,,,1,1,0,0,,,,,1,1,1,1,3,15,53,0.0342714,0.0411038,0.0227983,0.4806331,0.3899341,L,443.1133147,537.2258771,501.9336662,443.1133147,68.23160775,52.54618068,43.13492444,40.3899747,217.2431649,193.3228886,189.7936675,172.1475621,26.03780893,28.42983656,25.68488683,21.92038433,25.92016823,22.66544211,20.70476373,34.82164809,0,1,2,3,1,2,3,4,1,2,3,4,1,2,3,4,1,2,3,4
86,,,,,1,0,0,1,,,,,1,0,0,0,,,,,4,13,50,0.0310457,0.0470016,0.0210778,0.4495933,0.4100424,L,402.003564,487.3848519,455.366869,402.003564,61.90143375,47.67121909,39.1330903,36.64280274,197.088473,175.3873956,172.1855973,156.1766058,23.62215633,25.79226406,23.3019765,19.88672498,23.51542972,20.56266018,18.78388334,31.59107653,1,2,3,4,1,2,3,4,1,2,3,4,1,2,3,4,1,2,3,4
87,,,,,0,0,0,0,,,,,,,,,0,0,0,0,1,11,57,0.044398,0.047506,0.026813,0.4679954,0.3332114,L,350.2732161,424.6675275,396.7696607,350.2732161,53.93587575,41.53682385,34.09739272,31.92755863,171.7268688,152.8183146,150.0285279,136.0795946,20.58242615,22.47328156,20.30344748,17.32767503,20.48943326,17.91662999,16.3667485,27.52589521,1,2,3,4,1,2,3,4,1,2,3,4,1,2,3,4,1,2,3,4
88,1,0,1,0,1,1,0,0,0,0,0,1,1,1,0,0,0,0,1,0,15,18,89,0.0598213,0.0854562,0.3419637,0.2393363,0.2691507,L,620.6118395,752.4232036,702.9939421,620.6118395,95.563239,73.59467831,60.4135419,56.56904378,304.2645656,270.7625105,265.8195843,241.1049536,36.46781074,39.81801625,35.97351813,30.70106356,36.30304654,31.7445702,28.99850011,48.77020473,1,2,3,4,1,2,3,4,1,2,3,4,1,2,3,4,3,4,5,6
89,,,,,1,1,1,1,0,0,0,1,1,0,0,1,0,0,0,0,15,20,93,0.1991374,0.1263309,0.2192261,0.2626559,0.1926498,L,274.9676781,333.367893,311.4678124,274.9676781,42.34015575,32.60678661,26.76676513,25.06342553,134.8071626,119.9637746,117.7737666,106.8237263,16.15739277,17.64173156,15.93839196,13.60238337,16.0843925,14.0647184,12.84804726,21.60807949,1,2,3,4,1,2,3,4,1,2,3,4,1,2,3,4,1,2,3,4
90,0,1,1,1,0,0,0,,,,,,0,1,1,1,,,,,14,20,95,0.08417,0.0558212,0.3747597,0.2313186,0.2478105,MN,527.644346,411.3837274,330.0825955,271.5457805,292.6840748,235.7732825,191.8706713,439.8391236,656.1001344,551.2216743,447.1562254,383.7413426,54.39045724,54.7969629,61.87016137,74.14663229,53.74004818,46.99205424,42.92699764,72.19540512,1,2,3,4,1,2,3,4,1,2,3,4,1,2,3,4,1,2,3,4
91,0,0,0,0,0,0,0,,,,,,0,0,0,0,,,,,1,15,76,0.0566889,0.0456588,0.4267797,0.1386159,0.3291079,MN,242.756254,189.2675879,151.8629263,124.9315699,134.6567819,108.4735188,88.27500147,202.3592195,301.8556194,253.6036059,205.725639,176.5500029,25.02371864,25.21074194,28.46494751,34.11305141,24.72448134,21.61989443,19.74966134,33.21533953,1,2,3,4,1,2,3,4,1,2,3,4,1,2,3,4,1,2,3,4
92,0,0,0,0,,,,,,,,,,,,,,,,,1,10,67,0.0597985,0.0481622,0.4352269,0.1262685,0.3272223,MN,224.9856829,175.4125663,140.7460513,115.7861604,124.7994543,100.5328938,81.8129756,187.5458466,279.7587767,235.0389723,190.665833,163.6259512,23.19189859,23.36523117,26.38121798,31.61586176,22.91456647,20.03724572,18.30391997,30.7838654,1,2,3,4,1,2,3,4,1,2,3,4,1,2,3,4,1,2,3,4
93,,,,,,,,,,,,,0,0,0,0,,,,,13,13,66.5,0.0911656,0.054551,0.3704924,0.1712835,0.3084096,LT,2516.181833,2384.381833,2252.581832,2132.763649,15733.11835,17994.75411,19076.40599,19666.39793,24288.00145,23403.01354,21731.36972,19666.39793,2504.200015,2192.672741,1929.072739,1737.363647,3244.955659,4601.937116,5398.426232,5988.41817,1,2,3,4,1,2,3,4,1,2,3,4,1,2,3,4,1,2,3,4
94,1,0,0,0,,,,,,,,,1,1,0,1,,,,,7,20,87,0.0678719,0.0271532,0.4389151,0.1402768,0.3212587,LT,45.64284409,48.46935049,48.46935049,46.27095662,47.52718169,35.48835813,30.77751413,25.12450133,31.51031209,26.48541182,18.00589262,9.882303858,7.757189787,9.264659867,9.756681351,9.589184676,248.4325692,113.6696189,79.09999254,66.20962338,1,2,3,4,1,2,3,4,1,2,3,4,1,2,3,4,1,2,3,4
95,0,0,0,0,,,,,,,,,1,0,0,1,,,,,1,13,55,0.0655703,0.0655703,0.4098143,0.1639257,0.2951195,LT,14.48570372,15.38275418,15.38275418,14.68504827,15.08373736,11.26296689,9.767882787,7.973781867,10.00045142,8.405695051,5.714543671,3.136354201,2.461905151,2.940332063,3.096485292,3.043326746,78.84523114,36.07541236,25.10402407,21.01299792,1,2,3,4,1,2,3,4,1,2,3,4,1,2,3,4,1,2,3,4
96,,,,,,,,,,,,,1,1,1,0,1,1,0,0,7,18,84.5,0.0357122,0.0119017,0.3571047,0.1904833,0.4047981,LT,21.97921538,23.34031358,23.34031358,22.28168164,22.88661418,17.08934407,14.82084707,12.09865067,15.17372438,12.75399424,8.670699644,4.758802596,3.735458393,4.461377433,4.698309342,4.617651671,119.6321801,54.73736542,38.0904347,31.8831046,1,2,3,4,1,2,3,4,1,2,3,4,1,2,3,4,1,2,3,4
97,0,0,0,0,,,,,,,,,,,,,0,0,0,0,7,8,62,0.0565518,0.0450321,0.4041416,0.159337,0.3303222,LT,97.42809784,103.4614892,103.4614892,98.76885148,101.4503588,75.75258066,65.69692836,53.6301456,67.26114094,56.53511182,38.43493768,21.09452394,16.55830745,19.77611619,20.82637321,20.4688389,530.2980815,242.6363863,168.844908,141.3294415,1,2,3,4,1,2,3,4,1,2,3,4,1,2,3,4,1,2,3,4
98,0,0,0,0,,,,,,,,,,,,,,,,,1,19,81,0.0163934,0.0163934,0.3442623,0.0983607,0.5245902,LT,11.00206469,11.68338521,11.68338521,11.15346925,11.45627837,8.55435764,7.41882344,6.0561824,7.595462093,6.384225613,4.340264053,2.382098411,1.869846316,2.23321726,2.351817499,2.311442949,59.88389313,27.39970582,19.0668056,15.95962246,1,2,3,4,1,2,3,4,1,2,3,4,1,2,3,4,1,2,3,4
99,,,,,,,,,,,,,,,0,0,,,,,1,15,78,0.0240973,0.012045,0.3614061,0.1927777,0.409674,LT,19.01743153,20.19511651,20.19511651,19.2791393,19.80255485,14.78648919,12.82368089,10.46831093,13.12900663,11.03534444,7.502289502,4.117535634,3.232091001,3.860189657,4.065194079,3.99540534,103.5112835,47.3612948,32.95760205,27.58673357,1,2,3,4,1,2,3,4,1,2,3,4,0,0,1,2,1,2,3,4
100,,,,,,,,,,,,,0,0,0,0,,,,,3,15,80,0.0205017,0.0111771,0.1310302,0.7134693,0.1226557,LT,137.2867615,145.7884646,145.7884646,139.1760289,142.9545636,106.7436058,92.57410064,75.5706944,94.77824589,79.66410701,54.15899765,29.72447313,303.5422892,194.5945381,114.9304311,66.1243576,747.2475379,341.9009961,237.9207963,199.1485184,1,2,3,4,1,2,3,4,1,2,3,4,1,2,3,4,1,2,3,4
101,,,,,,,,,,,,,0,0,0,0,,,,,13,20,82.5,0.018226,0.0130787,0.1147701,0.7171708,0.1336581,LT,166.8227831,177.1535518,177.1535518,169.1185095,173.7099622,129.7085401,112.4905923,91.82905493,115.1689397,96.80312874,65.8108227,36.11942827,368.846704,236.4598165,139.6566877,80.35042307,908.0111775,415.4579444,289.1073325,241.993545,1,2,3,4,1,2,3,4,1,2,3,4,1,2,3,4,1,2,3,4
102,,,,,,,,,,,,,1,1,1,1,1,1,0,1,10,13,76,0.0928757,0.0518241,0.3653957,0.1739926,0.304457,LT,2589.459003,2453.820674,2318.182345,2194.874774,16191.30398,18518.80393,19631.95608,20239.12998,24995.32552,24084.56467,22364.23863,20239.12998,3774.597741,5322.891184,6385.445508,6152.695513,3339.456446,4735.956415,5555.641179,6162.815078,1,2,3,4,1,2,3,4,1,2,3,4,1,2,3,4,1,2,3,4
103,0,0,0,1,,,,,,,,,1,0,0,0,,,,,7,13,72.5,0.0153404,0.0220446,0.1300505,0.7084421,0.1229107,T,109.6660902,127.7324692,122.3442509,100.4744237,87.16235491,74.16724018,64.97557366,60.85517143,48.49396473,43.73965446,40.25316027,37.08362009,52.93132098,53.248275,51.98045893,47.8600567,96.98792946,75.43505625,55.78390714,42.15488438,1,2,3,4,1,2,3,4,1,2,3,4,1,2,3,4,1,2,3,4
104,0,0,0,0,,,,,,,,,0,0,0,0,,,,,1,12,74,0.0170741,0.0128178,0.232837,0.5437435,0.1925041,T,97.47898161,113.5376578,108.748228,89.30877795,77.4760692,65.92509161,57.75488795,54.09238286,43.10486759,38.87890018,35.77985741,32.9625458,47.04910384,47.330835,46.20391036,42.54140527,86.20973518,67.05201625,49.58468429,37.47024438,1,2,3,4,1,2,3,4,1,2,3,4,1,2,3,4,1,2,3,4
105,1,1,0,1,,,,,,,,,1,1,0,0,,,,,7,12,68,0.0070175,0.0045008,0.0470486,0.8952978,0.0459093,T,357.4074264,416.2866845,398.726204,327.4513126,284.0665961,241.7148491,211.7587353,198.3301326,158.0443244,142.5497828,131.1871189,120.8574245,172.5058966,173.538866,169.4069882,155.9783855,316.0886488,245.8467268,181.8026215,137.3849356,1,2,3,4,1,2,3,4,1,2,3,4,1,2,3,4,1,2,3,4
106,1,1,0,1,,,,,,,,,0,1,1,1,,,,,7,12,74,0.0068677,0.0038752,0.0462841,0.8992839,0.0435005,T,401.8468261,468.0470258,448.3031066,368.1660228,319.3869283,271.7692408,238.0884374,222.9901463,177.6952728,160.2741676,147.4986905,135.8846204,193.954971,195.116378,190.47075,175.3724588,355.3905456,276.4148688,204.4076341,154.4671326,1,2,3,4,1,2,3,4,1,2,3,4,1,2,3,4,1,2,3,4
107,1,1,0,1,,,,,,,,,1,1,0,0,,,,,7,18,74,0.0456785,0.037925,0.4129433,0.2710003,0.2319703,T,81.05225471,94.40479379,90.42245757,74.25885764,64.42014464,54.81568671,48.02228964,44.97697371,35.84102593,32.32719986,29.75039407,27.40784336,39.12059693,39.354852,38.41783171,35.37251579,71.68205186,55.752707,41.22889257,31.1559245,1,2,3,4,1,2,3,4,1,2,3,4,1,2,3,4,1,2,3,4
108,0,0,0,0,,,,,,,,,,,,,,,,,7,12,71.5,0.0322643,0.0285018,0.2555357,0.459331,0.22489,T,30.35433904,35.35490934,33.86351118,27.81018923,24.12555848,20.52865704,17.98450723,16.84402629,13.42258345,12.10664389,11.14162155,10.26432852,14.6507937,14.738523,14.38760579,13.24712484,26.84516689,20.87957425,15.44035743,11.66799738,1,2,3,4,1,2,3,4,1,2,3,4,1,2,3,4,1,2,3,4
109,,,,,,,,,,,,,0,1,0,0,,,,,4,15,73,0.0526086,0.009728,0.1155888,0.7517705,0.0694187,LN,198.5557373,221.2169899,229.8498481,238.4827062,296.7544987,252.5111007,221.2169899,207.1885954,165.103412,148.916803,137.046623,126.2555503,16.61825193,19.53184155,19.31602009,18.88437719,330.206824,256.8275298,189.9228791,143.5212666,1,2,3,4,1,2,3,4,1,2,3,4,1,2,3,4,1,2,3,4
110,,,,,,,,,,,,,0,0,0,0,,,,,7,15,58,0.0654891,0.0029465,0.1094877,0.7807053,0.0407031,LN,99.49099705,110.8459478,115.1716433,119.4973388,148.6957836,126.5265941,110.8459478,103.8166926,82.72892689,74.61824779,68.67041644,63.26329704,8.326963883,9.786886123,9.678743735,9.462458958,165.4578538,128.6894418,95.16530152,71.91468808,1,2,3,4,1,2,3,4,1,2,3,4,1,2,3,4,1,2,3,4
111,,,,,,,,,,,,,0,0,0,0,,,,,7,20,90,0.0025713,0.0025881,0.0265432,0.9157836,0.0511973,LN,48.26178276,53.76992101,55.86825939,57.96659777,72.13038185,61.37639764,53.76992101,50.36012114,40.13072154,36.19633707,33.3111218,30.68819882,4.039301383,4.747490587,4.695032127,4.590115208,80.26144307,62.42556683,46.16344438,34.88487558,1,2,3,4,1,2,3,4,1,2,3,4,1,2,3,4,1,2,3,4
112,,,,,,,,,,,,,0,0,0,0,,,,,4,15,75.5,0.0041786,0.0028355,0.0442912,0.86143,0.0842331,LN,40.94006133,45.61256833,47.392571,49.17257367,61.18759167,52.065078,45.61256833,42.720064,34.042551,30.705046,28.25754233,26.032539,3.426505133,4.027256033,3.982755967,3.893755833,68.085102,52.95507933,39.16005867,29.59254433,1,2,3,4,1,2,3,4,1,2,3,4,1,2,3,4,1,2,3,4
113,,,,,,,,,,,,,0,0,0,0,,,,,4,13,64,0.0990116,0.0439368,0.216542,0.3281649,0.3085149,LN,5615.999668,6389.111311,7278.91905,7993.682644,9642.015015,9394.035808,9058.53453,8241.661851,12821.98366,12661.52652,12398.96031,12107.22006,974.4124099,964.2015015,942.3209833,911.6882578,643.2872347,644.7459359,635.9937286,608.2784056,1,2,3,4,1,2,3,4,1,2,3,4,1,2,3,4,1,2,3,4
114,,,,,,,,,,,,,0,0,0,0,,,,,7,15,76,0.0980591,0.0438076,0.2162125,0.3295746,0.3085626,LN,5742.391633,6532.902689,7442.736168,8173.586012,9859.015245,9605.455095,9262.403127,8427.146162,13110.55129,12946.48295,12678.0075,12379.70144,996.3422365,985.9015245,963.5285701,932.2064339,657.7648597,659.25639,650.3072083,621.9681327,1,2,3,4,1,2,3,4,1,2,3,4,1,2,3,4,1,2,3,4
115,,0,0,0,,,,,,,,,,,,,,,,,7,13,76,0.0869125,0.0273394,0.3836771,0.2218021,0.2753889,C,302.5021473,244.8266406,254.2430499,247.1807429,94.28179765,95.57655393,104.7575529,96.75360508,117.1165901,111.1136292,106.6408348,102.0503353,62.85453177,60.73583969,58.14632714,56.96927599,183.6199804,149.4854969,121.2362691,104.9929632,0,1,2,3,1,2,3,4,1,2,3,4,1,2,3,4,1,2,3,4
116,,0,0,0,,,,,,,,,,,,,,,,,7,13,81,0.0923821,0.034618,0.3707562,0.1818564,0.3131744,C,211.6138799,171.2672647,177.8544672,172.9140653,65.95436491,66.86010525,73.28262767,67.68350556,81.92833094,77.72898935,74.60006817,71.38880696,43.9695766,42.48745604,40.67597536,39.85257505,128.4504485,104.5718395,84.81023203,73.44730774,0,1,2,3,1,2,3,4,1,2,3,4,1,2,3,4,1,2,3,4
117,,0,0,0,,,,,,,,,,,,,,,,,7,13,77,0.1082505,0.04336,0.4184197,0.1516574,0.274706,C,64.7830928,52.43145254,54.44804687,52.93560112,20.19115071,20.46843243,22.4346119,20.72050672,25.08139196,23.79581307,22.83793077,21.85484103,13.46076714,13.00703342,12.45246998,12.20039569,39.3235894,32.01343496,25.96365198,22.48502676,0,1,2,3,1,2,3,4,1,2,3,4,1,2,3,4,1,2,3,4
118,,0,0,0,,,,,,,,,,,,,,,,,7,13,82,0.0726918,0.0519494,0.4448252,0.151412,0.2776392,C,166.3591335,134.6408551,139.8193496,135.9354787,51.84967546,52.56171844,57.61075051,53.20903025,64.40752445,61.10623425,58.6464494,56.12193336,34.56645031,33.40128906,31.97720309,31.32989129,100.9806413,82.20859904,66.67311576,57.74021287,0,1,2,3,1,2,3,4,1,2,3,4,1,2,3,4,1,2,3,4
119,,0,0,0,,,,,,,,,,,,,,0,0,0,7,10.5,61,0.0817569,0.0197862,0.3584301,0.3713082,0.1655372,C,1952.652058,2359.45457,2684.89658,2820.497418,1263.799804,1118.706908,1022.430314,985.8180878,1681.450384,1450.92896,1266.511821,1148.539093,900.3895602,827.165108,767.5007396,721.3964549,1884.85164,1857.731472,1776.37097,1667.8903,0,1,2,3,1,2,3,4,1,2,3,4,1,2,3,4,0,1,2,3
120,,,,,0,0,0,0,1,1,0,0,0,0,0,0,,,,,4,16,75,0.0148277,0.0552134,0.0388224,0.4132735,0.418356,L,41.47325458,34.73503702,29.61019549,26.66815684,41.85287247,38.95828605,32.59968638,30.84395364,38.48376369,34.82994149,33.16911322,31.60318942,13.95095749,13.95095749,17.2251618,19.45541691,13.61879184,12.29012922,11.53089344,41.42580235,1,2,3,4,1,2,3,4,1,2,3,4,1,2,3,4,1,2,3,4
121,,,,,0,0,0,0,,,,,,,,,,,,,1,15,55,0.1298175,0.0030639,0,0.0089782,0.8316169,UN,1301.801701,1029.331577,644.8459588,459.1626154,104.9514549,95.16271348,76.695294,60.95257576,616.5897978,411.7326309,249.2597055,150.3631422,32.39367023,30.37537302,29.56805413,29.36622441,100.5112011,73.46601846,58.83336369,253.2962999,1,2,3,4,1,2,3,4,1,2,3,4,1,2,3,4,1,2,3,4
122,,,,,0,0,0,0,,,,,,,,,,,,,8,16,60,0.6629975,0.0014932,0,0.0369711,0.2982943,SM,74.30554232,74.66107123,29.65111115,15.42995472,13.75896884,11.76800694,9.137093003,7.110578212,94.57069022,37.33053561,19.44743141,12.87014656,7.003919539,6.577284846,6.470626173,6.115097263,18.09642155,16.318777,12.40795898,10.59476154,1,2,3,4,1,2,3,4,1,2,3,4,1,2,3,4,1,2,3,4
123,,,,,0,0,0,0,0,0,0,0,,,,,0,0,0,0,2,10,47,0.2804615,0.0304061,0.0067548,0,0.6553015,UN,4723.124185,4158.402815,3552.6108,2987.88943,74.13251438,74.3378676,74.44054422,74.23519099,3501.272493,3501.272493,3059.763059,2361.562092,98.15884175,98.15884175,74.54322083,67.56121116,68.79333052,68.79333052,68.79333052,68.79333052,1,2,3,4,1,2,3,4,1,2,3,4,1,2,3,4,1,2,3,4
124,,,,,1,0,1,1,,,,,1,0,1,1,1,0,0,0,8,15,71,0.0159339,0.0419138,0.0111689,0.2103401,0.7150086,F,686.8340807,485.4974237,211.4371582,152.8542513,84.84420997,73.39697529,66.9999912,63.0271274,331.9698057,418.8341159,338.7034731,249.1456959,310.4220698,814.7737624,700.3014156,191.2361558,46.05828541,46.59697881,45.11557197,89.55777719,1,2,3,4,1,2,3,4,1,2,3,4,1,2,3,4,1,2,3,4
125,,,,,0,0,0,0,,,,,0,0,0,0,0,0,0,0,1,20,64,0.0334934,0.0157788,0.1091388,0.745787,0.094732,C,679.2607745,505.9908117,326.3428134,653.7486327,626.1104791,382.6821265,283.8225771,265.7514767,267.8774885,226.4202582,200.9081164,159.450886,721.7810107,668.6307154,474.1006344,342.287902,34.12248961,35.07919493,35.07919493,34.76029315,1,2,3,4,1,2,3,4,1,2,3,4,1,2,3,4,1,2,3,4
126,,,,,,,,,0,0,0,0,,,,,,,,,15,16,81,0.1499393,0.0997484,0.001821,0.0000007,0.728818,FE,326.6012324,243.4388815,205.637813,182.9571718,254.0231807,228.3184541,246.462967,238.9027533,1117.399587,597.2568833,418.8358397,340.209617,100.3996381,189.0053428,152.716317,115.0664527,49.74620623,43.09321816,33.86975743,45.51248655,1,2,3,4,1,2,3,4,1,2,3,4,1,2,3,4,1,2,3,4
127,,,,,,,,,,,,,0,0,0,0,,,,,13,8,65,0.1280971,0.0040712,0.4343596,0.371414,0.0608583,LT,70.90335284,75.2941568,75.2941568,71.87908705,73.83055548,55.12898305,47.81097645,39.02936853,48.94933304,41.14345933,27.97104745,15.35155162,156.7679636,100.500624,59.35716464,34.15069747,385.9247262,176.5787662,122.8769765,102.8525803,1,2,3,4,1,2,3,4,1,2,3,4,1,2,3,4,1,2,3,4
128,,,,,,,,,,,,,0,0,0,0,,,,,7,12,65,0.1402412,0.0026808,0.4471544,0.3617444,0.0468474,LT,53.45990553,56.77049601,56.77049601,54.1955923,55.66696585,41.56630269,36.04865189,29.42747093,36.90695313,31.02145894,21.0896875,11.57480523,118.2003416,75.77573765,44.75427871,25.74903707,290.9805895,133.1373452,92.64712164,77.54907219,1,2,3,4,1,2,3,4,1,2,3,4,1,2,3,4,1,2,3,4
129,,,,,,,,,0,0,0,0,,,,,,,,,3,7,47,0.0126169,0.0586158,0.0412936,0.3992258,0.424942,L,41.28440384,34.57686912,29.47536384,26.54672192,41.66229312,38.78088736,32.45124192,30.703504,38.30852576,34.67134144,33.01807584,31.45928256,13.88743104,13.88743104,17.14672608,19.3668256,13.55677792,12.23416544,11.47838688,41.23716768,1,2,3,4,1,2,3,4,1,2,3,4,1,2,3,4,1,2,3,4
130,,,,,,,,,,,,,,,,,0,0,0,0,2,10,51,0.2797093,0.0425196,0,0,0.6663202,FE,240.0462524,178.923364,151.140233,134.4703543,186.7026407,167.8101116,181.1460145,175.5893883,821.2693542,438.9734708,307.8370922,250.0481795,73.7919961,138.9156553,112.2438495,84.57185095,36.56260048,31.67276941,24.89368543,33.4508898,1,2,3,4,1,2,3,4,1,2,3,4,1,2,3,4,1,2,3,4
131,,,,,,,,,,,,,0,1,0,0,0,0,0,0,14,16,90,0.9257175,0.0127766,0,0.0003666,0.0611393,FE,217.0237711,161.7630886,136.6445966,121.5735014,168.7962664,151.7156918,163.772568,158.7488696,742.5026241,396.8721739,278.3128916,226.0664282,66.71471481,125.5924601,101.4787078,76.46068971,82.89102367,85.60382081,70.73367353,67.92040243,1,2,3,4,1,2,3,4,1,2,3,4,1,2,3,4,1,2,3,4
132,,,,,0,0,0,0,0,0,0,0,,,,,,,,,15,20,78,0.0571755,0.1192711,0.00062656,0.0518742,0.7362865,FE,63.15771008,47.17804849,35.68791087,29.06776536,34.77478736,28.6112036,33.25291482,31.12229328,47.93898476,40.3296221,27.05128426,21.64863677,7.913737166,32.98658713,22.14324534,13.50661872,14.91435081,17.4634873,13.05005696,11.33795036,1,2,3,4,1,2,3,4,1,2,3,4,1,2,3,4,1,2,3,4
133,,,,1,0,1,1,1,1,1,0,1,,,,,0,0,0,0,3,16,61,0.3527055,0.2015382,0.0542683,0.0193776,0.3604452,SM,1227.974449,743.7731416,599.0119261,247.5915961,217.6409998,139.7694494,108.8204999,86.65705865,94.64388433,194.678876,172.7151054,343.4335043,41.23198758,38.33676327,36.53972749,35.84088025,112.8139128,104.8270871,78.27089168,57.70481555,4,5,6,7,1,2,3,4,1,2,3,4,1,2,3,4,1,2,3,4
134,,,,,0,0,0,0,0,0,0,0,0,0,1,1,,,,,13,15,78,0.2665251,0.1002822,0.0685953,0.187318,0.3746412,SM,531.8280766,550.7863007,385.15129,182.5976323,162.6416069,118.7383511,102.7735308,90.89969565,109.7581396,252.4437212,286.3689643,318.298605,60.26719668,59.96785629,62.06323896,62.76169985,175.6130234,136.6987739,95.19024111,79.2254208,1,2,3,4,1,2,3,4,1,2,3,4,1,2,3,4,1,2,3,4
135,,,,,,,,,0,1,0,0,0,1,0,0,0,0,0,0,15,19,82,0.2085234,0.0759004,0.0028452,0,0.689922,FE,164.0441129,127.7290039,103.9363463,87.78238406,152.7739066,138.9992101,152.7739066,140.2514553,373.1690506,215.3861635,172.8098288,149.0171712,36.56555798,78.76621908,47.33486615,33.18449611,41.19886499,35.68898639,28.05029105,37.6925786,1,2,3,4,1,2,3,4,1,2,3,4,1,2,3,4,1,2,3,4
136,,,,,,,,,,,,,0,0,0,0,,,,,8.5,20,87.5,0.0097082,0.0419351,0.1579929,0.4452733,0.3450361,LN,68.53371771,76.35550071,79.33522757,82.31495443,102.4281107,87.15701057,76.35550071,71.51344457,56.98727614,51.40028829,47.30316386,43.57850529,5.7359742,6.741632014,6.667138843,6.5181525,113.9745523,88.646874,65.55399086,49.537959,1,2,3,4,1,2,3,4,1,2,3,4,1,2,3,4,1,2,3,4
137,0,0,0,1,,,,,,,,,0,0,0,0,,,,,6,15,61,0.0155116,0.0368717,0.0114328,0.2128801,0.7183581,F,952.9137241,673.5792108,293.3479504,212.0700151,117.7128718,101.8309764,92.95579955,87.44384762,460.5749666,581.0905259,469.917258,345.6647823,430.6796341,1130.417261,971.5983069,265.3210761,63.90127326,64.64865657,62.59335246,124.2524758,1,2,3,4,1,2,3,4,1,2,3,4,1,2,3,4,1,2,3,4
138,0,0,0,0,,,,,,,,,,,,,,,,,1,15,70.5,0.0830983,0.019295,0.5430975,0.1038562,0.250652,LT,78.63983704,74.24878015,70.95548748,68.85975578,335.3170716,183.6260154,152.6890237,140.713414,279.430893,295.3983726,225.5406494,189.6138203,54.58882089,47.40345507,43.51138192,41.11625998,423.1382095,193.6056902,134.7256091,112.7703247,1,2,3,4,1,2,3,4,1,2,3,4,1,2,3,4,1,2,3,4
139,,,,,0,0,0,0,,,,,,,,,,,,,3,10,53,0.0426412,0.1287022,0.0332756,0.005627,0.7349895,FE,123.2107549,90.18136577,68.2854786,55.296393,78.30563036,63.08984436,65.31654475,67.91436187,111.7061362,92.40806615,65.31654475,52.69857588,14.77044592,57.52309339,44.53400779,26.86885136,32.58404903,40.82284047,28.13064825,23.82569417,1,2,3,4,1,2,3,4,1,2,3,4,1,2,3,4,1,2,3,4
140,,,,,1,0,0,,,,,,,,,,,,,,7.5,17.5,85.5,0.0903531,0.0548689,0.3672488,0.222412,0.258363,MN,489.7352182,381.8274582,306.3674863,252.0363064,271.6558991,218.8339188,178.0855339,408.2384484,608.9619739,511.61861,415.0298459,356.1710678,50.48272126,50.86002112,57.42503868,68.81949445,49.87904148,43.61586381,39.84286521,67.00845512,1,2,3,4,1,2,3,4,1,2,3,4,1,2,3,4,1,2,3,4
141,,,,,0,0,0,0,,,,,0,0,0,0,,,,,7,13,70,0.1229961,0.0290941,0.4893584,0.1693752,0.1878504,C,163.6205929,139.6761159,230.4655913,476.8941672,335.2226782,183.5743238,152.646041,140.6738025,279.3522318,295.3152165,225.4771586,189.560443,630.5378947,229.4679047,118.7246985,91.58762458,155.6391006,126.7061909,102.7617139,88.99363957,1,2,3,4,1,2,3,4,1,2,3,4,1,2,3,4,1,2,3,4
142,,,,,0,0,0,0,,,,,,,,,,,,,7,15,71,0.0016557,0.1204468,0.2876337,0.5119273,0.0728734,MT,65.9504999,55.96716735,60.50504578,55.36211689,32.67272472,32.37019949,32.67272472,32.67272472,197.8514997,179.699986,143.3969585,127.9681718,32.65201957,37.23475916,38.09402284,32.27012461,81.98433704,74.72373154,72.90858017,75.93383246,1,2,3,4,1,2,3,4,1,2,3,4,1,2,3,4,1,2,3,4
143,,,,,0,0,0,0,0,0,1,0,0,0,0,0,,,,,4,15,68,0.232707,0.0880768,0.0125781,0.3710533,0.2955849,SM,236.8488717,245.2918896,171.526575,81.31959384,63.10044987,53.7686932,43.59263473,37.86026992,316.3909881,189.745719,89.31824242,71.98783717,26.83990966,26.70659885,27.63977452,27.95083308,78.20900829,60.87860304,42.39283745,35.2829276,1,2,3,4,1,2,3,4,1,2,3,4,1,2,3,4,1,2,3,4
144,,,,,0,1,1,1,,,,,1,0,0,1,,,,,7,17,76,0.0440006,0.0078327,0.4937097,0.3996291,0.0476009,MN,190.0650596,153.8269743,159.7433964,155.3060799,59.23817617,60.05168421,65.82019575,60.79123697,73.58549974,69.81378066,67.00348016,64.1192244,39.49211745,38.16092248,36.5339064,35.79435364,115.3702307,93.92320067,76.1739344,65.9681063,1,2,3,4,1,2,3,4,1,2,3,4,1,2,3,4,1,2,3,4
145,,,,,1,1,0,1,,,,,0,1,0,0,,,,,7,17,79,0.0442033,0.0077627,0.4934672,0.3984403,0.0489643,MN,200.8183648,162.5300384,168.7811937,164.0928272,62.58969268,63.44922653,69.54410297,64.23062095,77.74874433,73.76363282,70.79433404,67.74689582,41.72646178,40.31995184,38.60088412,37.81948971,121.8975288,99.23709076,80.48362479,69.70038186,1,2,3,4,1,2,3,4,1,2,3,4,1,2,3,4,1,2,3,4
146,,,,,0,0,0,0,,,,,,,,,,,,,3,8,61,0.1067571,0.0553716,0.1453558,0.3130727,0.3761631,MN,4959.754266,5517.726621,5734.71587,5869.042548,6365.017975,5176.743515,3750.814164,3254.838737,8348.919682,8193.927361,8059.600683,7925.274005,1580.921672,1436.262173,1353.599602,1301.935495,4505.110125,4112.462912,3606.154664,3192.841809,1,2,3,4,1,2,3,4,1,2,3,4,1,2,3,4,1,2,3,4
147,,,,,0,0,0,0,,,,,,,,,,,,,7,18,67,0.0071862,0.0977438,0.2320942,0.5907935,0.0677253,MT,71.17199782,60.39825503,65.29541084,59.74530092,35.25952186,34.9330448,35.25952186,35.25952186,213.5159935,193.9273702,154.7501237,138.0997939,35.23717742,40.18274618,41.11004032,34.82504669,88.47528169,80.63983239,78.68097007,81.94574061,1,2,3,4,1,2,3,4,1,2,3,4,1,2,3,4,1,2,3,4
148,,,,,0,0,0,0,0,0,0,0,,,,,,,,,6,14,69,0.224362,0.0897705,0.01282,0.3781887,0.294859,SM,211.1896325,218.7179684,152.9440866,72.50976126,56.26440491,47.94361263,38.86998677,33.75864295,282.114481,169.1894429,79.64186892,64.18896898,23.9321835,23.81331504,24.64539426,24.92275401,69.73616383,54.28326389,37.80017062,31.46051937,1,2,3,4,1,2,3,4,1,2,3,4,1,2,3,4,1,2,3,4
149,,,,,0,0,0,0,,,,,,,,,,,,,3,15,63,0.0001781,0.0000106,0,0.0525791,0.9472322,UN,195.7795658,154.8024474,96.97918026,69.05403289,15.78377895,14.31163803,11.5343,9.166733158,92.72970132,61.92097895,37.486475,22.61329868,4.871724079,4.568189868,4.446776184,4.416422763,15.11600368,11.04864526,8.848022237,38.09354342,1,2,3,4,1,2,3,4,1,2,3,4,1,2,3,4,1,2,3,4
150,,,,,1,1,1,,,,,,0,0,0,0,,,,,13,8,69,0.0912259,0.0336377,0.1755437,0.1121418,0.5866512,L,744.2069712,580.229164,465.5593688,382.9971162,412.8112629,332.5424063,270.6207168,620.3635923,925.3852477,777.4612119,630.6838739,541.2414336,76.71409303,77.287442,87.26371419,104.5788533,75.79673467,66.27914166,60.5456519,101.8267782,1,2,3,4,1,2,3,4,1,2,3,4,1,2,3,4,1,2,3,4
151,,,,,0,0,0,0,,,,,0,0,0,0,,,,,1,10.5,46.5,0.1066549,0.0556194,0.144885,0.3114203,0.3781181,MN,4899.709049,5450.926317,5665.288588,5797.989042,6287.959947,5114.07132,3705.404969,3215.434064,8247.843567,8094.727659,7962.027205,7829.326752,1561.78226,1418.874079,1337.212261,1286.173625,4450.569053,4062.67542,3562.496788,3154.187701,1,2,3,4,1,2,3,4,1,2,3,4,1,2,3,4,1,2,3,4
152,,,,,,,,,0,0,0,0,0,0,0,0,,,,,8,16,73,0.0326734,0.0921563,0.0454592,0.2414306,0.4880156,L,84.91950696,71.12251612,60.62903014,54.60499189,85.69680221,79.76992587,66.7502303,63.15523973,78.7983068,71.31683994,67.91617318,64.70983024,28.56560074,28.56560074,35.26977234,39.83638198,27.88546739,25.16493398,23.61034347,84.82234505,1,2,3,4,1,2,3,4,1,2,3,4,1,2,3,4,1,2,3,4
153,,,,,,,,,,,,,0,0,0,0,,,,,1,13,63,0.0238803,0.0056048,0.1383021,0.7045046,0.126176,LT,29.19698319,31.00505325,31.00505325,29.59877654,30.40236323,22.70132409,19.68787399,16.07173387,20.15663289,16.94228612,11.51807594,6.321548654,64.5547977,41.38471471,24.44242859,14.06276713,158.918264,72.71260192,50.59897556,42.35321658,1,2,3,4,1,2,3,4,1,2,3,4,1,2,3,4,1,2,3,4
154,,,,,,,,,0,0,0,0,,,,,,,,,1,20,57,0.0454286,0.1104559,0.0318997,0.2529893,0.4381629,L,58.62778493,49.10244687,41.85782356,37.69887315,59.16442369,55.07255312,46.08385383,43.60189955,54.40175466,49.23660656,46.88881197,44.67517707,19.72147456,19.72147456,24.3499839,27.50273664,19.25191565,17.37367997,16.30040245,58.56070508,1,2,3,4,1,2,3,4,1,2,3,4,1,2,3,4,1,2,3,4
155,,,,,,,,,0,0,0,0,,,,,,,,,15,19,93,0.0461199,0.0794494,0.0150035,0.0412203,0.7648882,FE,71.4356022,52.28569679,39.59081568,32.059954,45.40033754,36.57847101,37.86947587,39.3756482,64.76541043,53.57670165,37.86947587,30.55378166,8.563665565,33.35095886,25.82009718,15.5781253,18.89170444,23.66842242,16.30969472,13.81375199,1,2,3,4,1,2,3,4,1,2,3,4,1,2,3,4,1,2,3,4
156,,,,,,,,,0,0,0,0,0,0,0,0,,,,,12,19,85,0.0488637,0.1175639,0.0087551,0.0275833,0.7654316,FE,163.7603777,122.3270291,92.53447847,75.36923406,90.16685855,74.1854241,86.22082535,80.69637888,124.3000457,104.5698797,70.14074008,56.13232223,20.51937262,85.53026954,57.41478302,35.02104462,38.67112533,45.28073093,33.83723466,29.39794732,1,2,3,4,1,2,3,4,1,2,3,4,1,2,3,4,1,2,3,4
157,,,,,,,,,0,0,0,0,1,0,0,0,0,0,0,0,7,13,62,0.2953753,0.1012835,0.0801642,0.1708637,0.3480945,SM,653.8669419,677.1755195,473.5321568,224.4984059,199.963061,145.9853022,126.3570263,111.7584961,134.944397,310.3721131,352.0821995,391.3387513,74.09674163,73.72871146,76.30492267,77.16365974,215.9110352,168.0671126,117.0335952,97.40531929,1,2,3,4,1,2,3,4,1,2,3,4,1,2,3,4,1,2,3,4
158,,,,,,,,,0,0,0,0,,,,,,,,,1,15,53,0.0717355,0.021151,0.0006257,0.326772,0.5783188,SM,221.6182816,222.6786561,88.43523773,46.0202556,41.0364952,35.09839771,27.25162601,21.20749106,282.0596311,111.3393281,58.00248805,38.38555882,20.8893787,19.61692923,19.29881687,18.23844231,53.97306475,48.67119199,37.0070719,31.59916168,1,2,3,4,1,2,3,4,1,2,3,4,1,2,3,4,1,2,3,4
159,,,,,,,,,0,0,0,0,,,,,,,,,13,18,89,0.257068,0.1068078,0.1795288,0.2333298,0.2232657,L,245.4771135,297.6138456,278.062571,245.4771135,37.79913075,29.10967541,23.8960022,22.37534751,120.3489565,107.0975371,105.1424097,95.36677241,14.42449587,15.74963781,14.22898313,12.14351384,14.35932496,12.55626297,11.47008106,19.29059087,1,2,3,4,1,2,3,4,1,2,3,4,1,2,3,4,1,2,3,4
160,,,,,,,,,0,0,0,0,,,,,,,,,15,20,94,0.3573244,0.0225163,0.3572255,0.1742751,0.0886587,L,113.1283963,137.1556663,128.14544,113.1283963,17.41977075,13.41522575,11.01249875,10.31170338,55.46294825,49.35601713,48.4549945,43.94988138,6.6475447,7.258237813,6.557442438,5.596351638,6.617510613,5.786567525,5.2859994,8.8900899,1,2,3,4,1,2,3,4,1,2,3,4,1,2,3,4,1,2,3,4
161,,,,,,,,,0,0,0,1,1,1,1,1,0,0,1,1,15,20,79.5,0.070156,0.105234,0.3861352,0.1403119,0.2981629,L,539.9697743,654.6536201,611.6471779,539.9697743,83.14578825,64.03181394,52.56342935,49.21848385,264.7285442,235.5797334,231.2790892,209.7758681,31.72919736,34.64407844,31.29913293,26.7117791,31.58584255,27.61969288,25.23044609,42.43302297,1,2,3,4,1,2,3,4,1,2,3,4,1,2,3,4,3,4,5,6
162,,,,,,,,,,,,,0,1,0,0,1,0,0,0,12,16,91,0.0156197,0.002691,0.0071439,0.8769747,0.08017,C,224.9077624,167.5369247,108.0542771,216.4605225,207.3093459,126.7085985,93.97554389,87.9920823,88.69601896,74.96925412,66.52201422,52.79524938,238.9864955,221.3880791,156.9778748,113.333802,11.29818337,11.61495486,11.61495486,11.50936436,1,2,3,4,1,2,3,4,1,2,3,4,1,2,3,4,1,2,3,4
163,,,,,,,,,,,,,0,0,0,0,0,0,0,0,3,13.5,58.5,0.0227888,0.0033772,0.0052691,0.856295,0.0901716,C,185.7957075,138.4018103,89.26335242,178.8174649,171.2577022,104.673638,77.63294819,72.6900264,73.27154661,61.93190249,54.95365996,43.61401584,197.4261117,182.8881064,129.6790071,93.624754,9.333399389,9.595083484,9.595083484,9.507855453,1,2,3,4,1,2,3,4,1,2,3,4,1,2,3,4,1,2,3,4
164,,,,,,,,,,,,,1,1,0,0,0,0,0,0,7,12,77,0.2798855,0.0163914,0.0330844,0.366511,0.3008908,MT,153.5034524,130.2666913,140.8288554,128.8584027,76.04758193,75.34343765,76.04758193,76.04758193,460.5103572,418.2617006,333.7643873,297.8530292,75.99938954,86.66597053,88.66595447,75.11050779,278.1369895,229.5510343,201.3852633,180.2609349,1,2,3,4,1,2,3,4,1,2,3,4,1,2,3,4,1,2,3,4
165,,,,,,,,,,,,,0,0,0,0,,,,,7,13,77,0.00224,0.0013302,0.0013302,0.8548079,0.0683327,T,611.3485925,712.0620889,682.0247303,560.1083925,485.8984478,413.4554065,362.2152065,339.2454617,270.3362273,243.8326756,224.3967377,206.7277032,295.0728756,296.839779,289.7721652,266.8024204,540.6724546,420.5230203,310.9750066,234.9981584,1,2,3,4,1,2,3,4,1,2,3,4,1,2,3,4,1,2,3,4
166,,,,,,,,,,,,,0,0,0,0,,,,,4,7,67,0.059458,0.0475831,0.4644721,0.1726076,0.2499337,MN,40.62841718,32.88214308,34.1468409,33.19831754,12.66278683,12.83668278,14.06976315,12.99477001,15.72967902,14.92343417,14.32270271,13.70616253,8.441857888,8.157300881,7.809508983,7.651421756,24.66160731,20.07707775,16.28298432,14.10138059,1,2,3,4,1,2,3,4,1,2,3,4,1,2,3,4,1,2,3,4
167,,,,,,,,,,,,,,0,0,0,,,,,7,8,64.5,0.0431729,0.0067845,0.5015669,0.3979104,0.0462486,MN,183.5948577,148.5903906,154.3054057,150.0191444,57.22158794,58.0074025,63.57954215,58.72177938,71.08049937,67.43717729,64.72254516,61.93647533,38.14772529,36.86184691,35.29021778,34.5758409,111.442793,90.72586352,73.58081845,63.72241753,1,2,3,4,1,2,3,4,1,2,3,4,0,1,2,3,1,2,3,4
168,,,,,,,,,,,,,0,1,1,0,1,1,0,0,13,18,84.5,0.1452447,0.0305798,0.485225,0.1138541,0.2250957,LT,165.6977075,156.4455513,149.5064341,145.0906322,706.5282961,386.9083526,321.7227063,296.4895528,588.7735801,622.4177847,475.2243897,399.5249294,115.0211244,99.88123234,91.68045747,86.63382679,891.5714213,407.9359805,283.8729761,237.6121948,1,2,3,4,1,2,3,4,1,2,3,4,1,2,3,4,1,2,3,4
169,,,,,,,,,,,,,0,0,0,0,,,,,1,20,82.5,0.1855672,0.0824601,0.3195793,0.1753104,0.237083,MN,64.72489309,50.46347597,40.490457,33.30988334,35.90286828,28.921755,23.53632476,53.9540326,80.48226305,67.61706859,54.85160431,47.07264952,6.671949688,6.721814783,7.589467433,9.095393297,6.592165536,5.764404962,5.265754014,8.856040841,1,2,3,4,1,2,3,4,1,2,3,4,1,2,3,4,1,2,3,4
170,,,,,,,,,,,,,,,,,0,0,0,0,1,11,70,0.0136007,0.0407167,0.013646,0.2005174,0.7248863,F,518.9546319,366.8296957,159.756622,115.4928445,64.10616041,55.45691654,50.62351556,47.62171916,250.8280721,316.4605696,255.9158626,188.2482488,234.5471424,615.6226515,529.1302129,144.4932504,34.80048708,35.20751032,34.08819641,67.66761376,1,2,3,4,1,2,3,4,1,2,3,4,1,2,3,4,1,2,3,4
171,,,,,,,,,,,,,,,,,1,0,1,1,7,13,73,0.0743121,0.082582,0.2047265,0.6405731,0.0699917,C,1522.751403,1134.318729,731.5879199,1465.558862,1403.600276,857.8881145,636.2670183,595.7556351,600.5216802,507.5838011,450.3912601,357.4533811,1618.072305,1498.921178,1062.828053,767.333258,583.8405224,467.0724179,338.3892007,252.6003893,1,2,3,4,1,2,3,4,1,2,3,4,1,2,3,4,1,2,3,4
172,,,,,,,,,,,,,,,,,1,0,0,1,7,8,73,0.0824127,0.013162,0.3297396,0.4484001,0.1233273,C,1302.549829,1197.965536,1140.919559,1321.565155,4943.984754,5875.735726,5695.09013,4943.984754,1359.595807,1264.519177,1169.442547,1064.858255,676.9456047,875.6557612,1150.427222,1492.703089,1321.565155,1302.549829,1245.503851,1169.442547,1,2,3,4,1,2,3,4,1,2,3,4,1,2,3,4,1,2,3,4
173,,,,,,,,,,,,,,,,,0,0,0,,4,11,52,0.6592072,0,0,0,0.3407928,UN,2064.290929,1632.230037,1022.544111,728.1026145,166.4234547,150.9012671,121.61714,96.65362179,977.7377966,652.8920147,395.255705,238.4336034,51.36723939,48.16678834,46.88660792,46.56656282,153.7803506,115.586538,93.87637088,488.4787607,1,2,3,4,1,2,3,4,1,2,3,4,1,2,3,4,1,2,3,4
174,,,,,0,0,0,0,1,0,0,0,0,1,0,0,,,,,3,16,68,0.0346987,0.0912689,0.0445882,0.2470812,0.4828878,L,81.43459563,68.20380321,58.140947,52.36412213,82.17999239,76.49634212,64.01094645,60.56348645,75.56459618,68.3901524,65.12904159,62.05427997,27.3933308,27.3933308,33.82237782,38.20158376,26.74110863,24.13221999,22.64142647,81.34142104,1,2,3,4,1,2,3,4,1,2,3,4,1,2,3,4,1,2,3,4
175,,,,,,,,,,,,,1,1,1,1,,,,,7,13,75,0.0057521,0.0063044,0.0644898,0.854447,0.0686714,T,334.8789154,390.0468292,373.5932408,306.8110294,266.1609876,226.478804,198.4109181,185.8287623,148.0822949,133.5644229,122.9179834,113.239402,161.6323089,162.600167,158.7287345,146.1465787,296.1645899,230.3502366,170.3430321,128.7251322,1,2,3,4,1,2,3,4,1,2,3,4,1,2,3,4,1,2,3,4
176,,,,,,,,,,,,,0,0,0,0,,,,,7,15,68,0.0190645,0.0130992,0.1168609,0.7133842,0.134488,LT,233.4943519,247.9538646,247.9538646,236.707577,243.134027,181.547214,157.4480263,128.5290011,161.1967888,135.4909886,92.11245076,50.55474042,516.2581543,330.9621777,195.4711891,112.4628759,1270.902436,581.4978127,404.6505397,338.7074888,1,2,3,4,1,2,3,4,1,2,3,4,1,2,3,4,1,2,3,4
