TQ,DI
0.216438356,2
0.216438356,2
0.21369863,2
0.180821918,2
0.232876712,2
0.232876712,2
0.232876712,2
0.232876712,2
0.216438356,2
0.232876712,2
0.183561644,2
0.347945205,2
0.24109589,1
0.24109589,1
0.232876712,1
0.232876712,1
0.24109589,1
0.347945205,1
0.232876712,1
0.347945205,2
0.189041096,2
0.347945205,2
0.21369863,2
0.21369863,2
0.238356164,2
0.238356164,2
0.238356164,2
0.287671233,2
0.282191781,2
0.21369863,2
0.169863014,2
0.169863014,2
0.169863014,2
0.169863014,2
0.169863014,2
0.169863014,2
0.169863014,2
0.169863014,2
0.169863014,2
0.169863014,2
0.169863014,2
0.287671233,2
0.282191781,2
0.282191781,2
0.287671233,2
0.21369863,1
0.37260274,1
0.37260274,1
0.284931507,1
0.284931507,1
0.284931507,1
0.238356164,1
0.238356164,1
0.238356164,2
0.301369863,1
0.287671233,1
0.282191781,1
0.287671233,1
0.282191781,2
0.263013699,2
0.263013699,2
0.263013699,2
0.287671233,2
0.282191781,2
0.287671233,2
0.287671233,2
0.287671233,1
0.364383562,1
0.290410959,1
0.290410959,1
0.364383562,1
0.364383562,1
0.24109589,1
0.24109589,1
0.24109589,1
0.24109589,1
0.21369863,1
0.21369863,1
0.21369863,1
0.347945205,1
0.364383562,1
0.290410959,1
0.290410959,1
0.290410959,1
0.290410959,1
0.290410959,1
0.290410959,1
0.290410959,1
0.290410959,1
0.290410959,1
0.290410959,1
0.290410959,1
0.37260274,1
0.301369863,1
0.301369863,1
0.301369863,1
0.301369863,1
0.301369863,1
0.301369863,1
0.301369863,1
0.301369863,1
0.37260274,1
0.115068493,1
0.115068493,1
0.115068493,1
0.115068493,1
0.115068493,1
0.115068493,1
0.115068493,1
0.115068493,1
0.115068493,1
0.115068493,1
0.35890411,1
0.35890411,1
0.21369863,1
0.21369863,1
0.21369863,1
0.21369863,1
0.347945205,1
0.232876712,2
0.230136986,2
0.216438356,2
0.290410959,2
0.263013699,2
0.24109589,1
0.232876712,2
0.301369863,1
0.301369863,1
0.232876712,2
0.232876712,2
0.180821918,2
0.208219178,2
0.24109589,1
0.232876712,2
0.232876712,2
0.115068493,1
0.263013699,2
0.21369863,1
0.216438356,2
0.290410959,1
0.21369863,1
0.287671233,2
0.232876712,2
0.21369863,1
0.21369863,1
0.364383562,1
0.287671233,2
0.232876712,2
0.230136986,2
0.290410959,1
0.364383562,1
0.232876712,2
0.301369863,1
0.232876712,2
0.216438356,2
0.208219178,2
0.232876712,1
0.216438356,2
0.290410959,1
0.290410959,1
0.290410959,1
0.24109589,1
0.24109589,1
0.287671233,1
0.115068493,1
0.21369863,1
0.21369863,1
0.21369863,1
0.290410959,1
0.263013699,2
0.24109589,1
0.347945205,1
0.254794521,2
0.232876712,2
0.115068493,1
0.301369863,1
0.243835616,2
0.243835616,2
0.265753425,2
0.232876712,2
0.238356164,2
0.238356164,2
0.238356164,2
0.238356164,2
0.210958904,2
0.331506849,2
0.21369863,2
0.268493151,2
0.265753425,2
0.265753425,2
0.331506849,1
0.331506849,1
0.265753425,2
0.268493151,2
0.331506849,1
0.268493151,2
0.235616438,2
0.268493151,2
0.235616438,2
0.235616438,2
0.260273973,2
0.260273973,2
0.260273973,2
0.271232877,2
0.271232877,2
0.235616438,2
0.230136986,2
0.230136986,2
0.230136986,2
0.230136986,2
0.230136986,2
0.230136986,2
0.230136986,2
0.230136986,2
0.230136986,2
0.230136986,2
0.230136986,2
0.271232877,2
0.271232877,2
0.271232877,2
0.271232877,2
0.298630137,1
0.304109589,1
0.304109589,1
0.276712329,2
0.276712329,2
0.276712329,2
0.260273973,2
0.260273973,2
0.260273973,2
0.252054795,1
0.271232877,1
0.271232877,1
0.271232877,2
0.271232877,2
0.268493151,2
0.268493151,2
0.268493151,2
0.271232877,2
0.271232877,2
0.271232877,2
0.271232877,2
0.271232877,2
0.334246575,1
0.287671233,1
0.287671233,1
0.334246575,1
0.334246575,1
0.216438356,2
0.216438356,1
0.216438356,2
0.216438356,1
0.298630137,2
0.298630137,2
0.298630137,1
0.369863014,1
0.334246575,1
0.287671233,1
0.287671233,2
0.287671233,2
0.287671233,2
0.287671233,2
0.287671233,2
0.287671233,2
0.287671233,2
0.287671233,1
0.287671233,1
0.287671233,1
0.304109589,1
0.252054795,1
0.252054795,1
0.252054795,1
0.252054795,1
0.252054795,1
0.252054795,1
0.252054795,1
0.252054795,1
0.304109589,1
0.326027397,2
0.326027397,2
0.326027397,2
0.326027397,2
0.326027397,2
0.326027397,2
0.326027397,1
0.326027397,1
0.326027397,2
0.326027397,2
0.383561644,1
0.383561644,1
0.298630137,1
0.298630137,1
0.298630137,1
0.298630137,1
0.369863014,1
0.243835616,2
0.260273973,2
0.210958904,2
0.257534247,2
0.268493151,2
0.216438356,2
0.238356164,2
0.252054795,1
0.252054795,1
0.243835616,2
0.238356164,2
0.232876712,2
0.24109589,2
0.265753425,2
0.331506849,2
0.238356164,2
0.326027397,1
0.268493151,2
0.298630137,1
0.243835616,2
0.287671233,1
0.298630137,1
0.271232877,2
0.331506849,2
0.298630137,1
0.298630137,1
0.334246575,1
0.271232877,2
0.331506849,2
0.260273973,2
0.287671233,1
0.334246575,1
0.243835616,2
0.252054795,1
0.243835616,2
0.243835616,2
0.24109589,2
0.331506849,2
0.210958904,2
0.287671233,2
0.287671233,2
0.287671233,2
0.216438356,2
0.216438356,2
0.271232877,2
0.326027397,2
0.298630137,1
0.298630137,1
0.298630137,1
0.287671233,1
0.268493151,2
0.216438356,1
0.369863014,1
0.268493151,2
0.243835616,2
0.326027397,2
0.252054795,1
0.210382514,1
0.210382514,1
0.215846995,1
0.193989071,0
0.245901639,0
0.245901639,0
0.245901639,0
0.245901639,0
0.207650273,0
0.226775956,0
0.180327869,0
0.385245902,0
0.213114754,0
0.213114754,0
0.226775956,0
0.226775956,0
0.213114754,0
0.385245902,0
0.226775956,0
0.385245902,0
0.202185792,0
0.385245902,0
0.196721311,1
0.196721311,0
0.229508197,0
0.229508197,0
0.229508197,0
0.210382514,1
0.204918033,1
0.196721311,1
0.18579235,1
0.18579235,1
0.18579235,1
0.18579235,1
0.18579235,1
0.18579235,1
0.18579235,1
0.18579235,1
0.18579235,1
0.18579235,1
0.18579235,1
0.210382514,1
0.204918033,1
0.204918033,1
0.210382514,0
0.25136612,0
0.256830601,0
0.256830601,1
0.256830601,1
0.256830601,1
0.256830601,0
0.229508197,0
0.229508197,0
0.229508197,0
0.163934426,1
0.210382514,1
0.204918033,1
0.210382514,1
0.204918033,1
0.196721311,1
0.196721311,1
0.196721311,1
0.210382514,1
0.204918033,1
0.210382514,1
0.210382514,1
0.210382514,0
0.409836066,0
0.267759563,0
0.267759563,0
0.409836066,0
0.409836066,0
0.224043716,0
0.224043716,0
0.224043716,0
0.224043716,0
0.25136612,0
0.25136612,0
0.25136612,0
0.292349727,1
0.409836066,0
0.267759563,0
0.267759563,0
0.267759563,0
0.267759563,0
0.267759563,0
0.267759563,0
0.267759563,0
0.267759563,0
0.267759563,0
0.267759563,0
0.267759563,0
0.256830601,1
0.163934426,1
0.163934426,1
0.163934426,1
0.163934426,1
0.163934426,1
0.163934426,1
0.163934426,1
0.163934426,1
0.256830601,1
0.281420765,1
0.281420765,1
0.281420765,1
0.281420765,1
0.281420765,1
0.281420765,1
0.281420765,1
0.281420765,1
0.281420765,1
0.281420765,1
0.404371585,1
0.404371585,1
0.25136612,1
0.25136612,1
0.25136612,1
0.25136612,1
0.292349727,1
0.234972678,0
0.24863388,0
0.207650273,0
0.37704918,0
0.196721311,1
0.224043716,0
0.245901639,0
0.163934426,1
0.163934426,1
0.234972678,0
0.245901639,0
0.193989071,0
0.193989071,0
0.213114754,0
0.226775956,0
0.245901639,0
0.281420765,1
0.196721311,1
0.25136612,0
0.210382514,0
0.267759563,0
0.25136612,0
0.210382514,0
0.226775956,0
0.25136612,0
0.25136612,0
0.409836066,0
0.210382514,0
0.226775956,0
0.24863388,0
0.267759563,0
0.409836066,0
0.234972678,0
0.163934426,1
0.234972678,0
0.210382514,1
0.193989071,0
0.226775956,0
0.207650273,0
0.267759563,0
0.267759563,0
0.267759563,0
0.224043716,0
0.224043716,0
0.210382514,1
0.281420765,1
0.25136612,1
0.25136612,0
0.25136612,0
0.267759563,0
0.196721311,1
0.224043716,1
0.292349727,1
0.259562842,0
0.234972678,0
0.281420765,1
0.163934426,1
0.219178082,2
0.219178082,2
0.219178082,2
0.290410959,2
0.312328767,2
0.312328767,2
0.312328767,2
0.312328767,2
0.210958904,2
0.276712329,2
0.189041096,2
0.304109589,2
0.221917808,2
0.221917808,2
0.276712329,3
0.276712329,3
0.221917808,2
0.304109589,2
0.276712329,3
0.304109589,2
0.219178082,2
0.304109589,2
0.224657534,2
0.224657534,2
0.263013699,2
0.263013699,2
0.263013699,2
0.293150685,2
0.276712329,2
0.224657534,2
0.205479452,2
0.205479452,2
0.205479452,2
0.205479452,2
0.205479452,2
0.205479452,2
0.205479452,2
0.205479452,2
0.205479452,2
0.205479452,2
0.205479452,2
0.293150685,2
0.276712329,2
0.276712329,2
0.293150685,2
0.263013699,3
0.271232877,3
0.271232877,3
0.252054795,2
0.252054795,2
0.252054795,2
0.263013699,2
0.263013699,2
0.263013699,2
0.2,3
0.293150685,3
0.276712329,3
0.293150685,2
0.276712329,2
0.252054795,2
0.252054795,2
0.252054795,2
0.293150685,2
0.276712329,2
0.293150685,2
0.293150685,2
0.293150685,2
0.334246575,3
0.271232877,3
0.271232877,3
0.334246575,3
0.334246575,3
0.219178082,3
0.219178082,3
0.219178082,2
0.219178082,3
0.263013699,3
0.263013699,3
0.263013699,3
0.306849315,3
0.334246575,3
0.271232877,2
0.271232877,2
0.271232877,2
0.271232877,2
0.271232877,2
0.271232877,2
0.271232877,2
0.271232877,2
0.271232877,3
0.271232877,3
0.271232877,3
0.271232877,3
0.2,3
0.2,3
0.2,3
0.2,3
0.2,3
0.2,3
0.2,3
0.2,3
0.271232877,3
0.252054795,2
0.252054795,2
0.252054795,2
0.252054795,2
0.252054795,2
0.252054795,2
0.252054795,3
0.252054795,3
0.252054795,3
0.252054795,3
0.364383562,3
0.364383562,3
0.263013699,3
0.263013699,3
0.263013699,3
0.263013699,3
0.306849315,3
0.257534247,2
0.24109589,2
0.210958904,2
0.271232877,2
0.252054795,2
0.219178082,2
0.312328767,2
0.2,3
0.2,3
0.257534247,2
0.312328767,2
0.290410959,2
0.232876712,2
0.221917808,2
0.276712329,2
0.312328767,2
0.252054795,3
0.252054795,2
0.263013699,3
0.219178082,2
0.271232877,3
0.263013699,3
0.293150685,2
0.276712329,2
0.263013699,3
0.263013699,3
0.334246575,3
0.293150685,2
0.276712329,2
0.24109589,2
0.271232877,2
0.334246575,3
0.257534247,2
0.2,3
0.257534247,2
0.219178082,2
0.232876712,2
0.276712329,3
0.210958904,2
0.271232877,2
0.271232877,2
0.271232877,2
0.219178082,2
0.219178082,2
0.293150685,2
0.252054795,2
0.263013699,3
0.263013699,3
0.263013699,3
0.271232877,3
0.252054795,2
0.219178082,3
0.306849315,3
0.271232877,2
0.257534247,2
0.252054795,2
0.2,3
0.189041096,1
0.189041096,1
0.18630137,1
0.202739726,1
0.197260274,1
0.197260274,1
0.197260274,1
0.197260274,1
0.24109589,1
0.279452055,1
0.084931507,1
0.298630137,1
0.246575342,1
0.246575342,1
0.279452055,2
0.279452055,1
0.246575342,1
0.298630137,1
0.279452055,2
0.298630137,1
0.202739726,1
0.298630137,1
0.268493151,2
0.268493151,2
0.290410959,2
0.290410959,2
0.290410959,2
0.320547945,2
0.320547945,2
0.268493151,2
0.202739726,2
0.202739726,2
0.202739726,2
0.202739726,2
0.202739726,2
0.202739726,2
0.202739726,2
0.202739726,2
0.202739726,2
0.202739726,2
0.202739726,2
0.320547945,2
0.320547945,2
0.320547945,2
0.320547945,2
0.301369863,3
0.312328767,3
0.312328767,3
0.309589041,3
0.309589041,3
0.309589041,3
0.290410959,3
0.290410959,3
0.290410959,2
0.301369863,3
0.320547945,3
0.320547945,3
0.320547945,3
0.320547945,2
0.295890411,2
0.295890411,2
0.295890411,2
0.320547945,2
0.320547945,2
0.320547945,2
0.320547945,2
0.320547945,3
0.350684932,3
0.342465753,3
0.342465753,3
0.350684932,3
0.350684932,3
0.194520548,3
0.194520548,3
0.194520548,3
0.194520548,3
0.301369863,3
0.301369863,3
0.301369863,3
0.380821918,3
0.350684932,3
0.342465753,3
0.342465753,3
0.342465753,3
0.342465753,2
0.342465753,2
0.342465753,1
0.342465753,3
0.342465753,3
0.342465753,3
0.342465753,3
0.342465753,3
0.337078652,3
0.301369863,3
0.301369863,3
0.301369863,3
0.301369863,3
0.301369863,3
0.301369863,3
0.301369863,3
0.301369863,3
0.337078652,3
0.317808219,3
0.317808219,3
0.317808219,3
0.317808219,2
0.317808219,2
0.317808219,2
0.317808219,2
0.317808219,2
0.317808219,2
0.317808219,2
0.326027397,2
0.326027397,2
0.301369863,3
0.301369863,3
0.301369863,3
0.301369863,3
0.380821918,2
0.345205479,1
0.279452055,1
0.24109589,1
0.194520548,1
0.295890411,2
0.194520548,3
0.197260274,1
0.301369863,3
0.301369863,3
0.345205479,1
0.197260274,1
0.202739726,1
0.18630137,1
0.246575342,1
0.279452055,1
0.197260274,1
0.317808219,2
0.295890411,2
0.301369863,3
0.189041096,1
0.342465753,3
0.301369863,3
0.320547945,2
0.279452055,1
0.301369863,3
0.301369863,3
0.350684932,3
0.320547945,3
0.279452055,1
0.279452055,1
0.342465753,3
0.350684932,3
0.345205479,1
0.301369863,3
0.345205479,1
0.189041096,1
0.18630137,1
0.279452055,1
0.24109589,1
0.342465753,2
0.342465753,3
0.342465753,2
0.194520548,2
0.194520548,2
0.320547945,3
0.317808219,2
0.301369863,3
0.301369863,3
0.301369863,3
0.342465753,3
0.295890411,2
0.194520548,3
0.380821918,3
0.273972603,1
0.345205479,1
0.317808219,3
0.301369863,2
